DATE,AT,HT,WON,LOST,SOLOST,HWR,HLR,HSLR,AWR,ALR,ASLR,HW,AW,HS,AS,RES
10/10/23,NSH,TBL,TBL,NSH,,0,0,0,0,0,0,TRUE,FALSE,FALSE,FALSE,HW
10/10/23,CHI,PIT,CHI,PIT,,0,0,0,0,0,0,FALSE,TRUE,FALSE,FALSE,AW
10/10/23,SEA,VGK,VGK,SEA,,0,0,0,0,0,0,TRUE,FALSE,FALSE,FALSE,HW
10/11/23,OTT,CAR,CAR,OTT,,0,0,0,0,0,0,TRUE,FALSE,FALSE,FALSE,HW
10/11/23,MTL,TOR,TOR,MTL,,0,0,0,0,0,0,TRUE,FALSE,FALSE,FALSE,HW
10/11/23,CHI,BOS,BOS,CHI,,0,0,0,1,0,0,TRUE,FALSE,FALSE,FALSE,HW
10/11/23,WPG,CGY,CGY,WPG,,0,0,0,0,0,0,TRUE,FALSE,FALSE,FALSE,HW
10/11/23,COL,LAK,COL,LAK,,0,0,0,0,0,0,FALSE,TRUE,FALSE,FALSE,AW
10/11/23,EDM,VAN,VAN,EDM,,0,0,0,0,0,0,TRUE,FALSE,FALSE,FALSE,HW
10/12/23,NYR,BUF,NYR,BUF,,0,0,0,0,0,0,FALSE,TRUE,FALSE,FALSE,AW
10/12/23,PHI,CBJ,PHI,CBJ,,0,0,0,0,0,0,FALSE,TRUE,FALSE,FALSE,AW
10/12/23,DET,NJD,NJD,DET,,0,0,0,0,0,0,TRUE,FALSE,FALSE,FALSE,HW
10/12/23,STL,DAL,DAL,,STL,0,0,0,0,0,0,FALSE,FALSE,TRUE,FALSE,HS
10/12/23,FLA,MIN,MIN,FLA,,0,0,0,0,0,0,TRUE,FALSE,FALSE,FALSE,HW
10/12/23,SEA,NSH,NSH,SEA,,0,1,0,0,1,0,TRUE,FALSE,FALSE,FALSE,HW
10/12/23,VGK,SJS,VGK,SJS,,0,0,0,1,0,0,FALSE,TRUE,FALSE,FALSE,AW
10/13/23,ARI,NJD,ARI,,NJD,1,0,0,0,0,0,FALSE,FALSE,FALSE,TRUE,AS
10/13/23,PIT,WSH,PIT,WSH,,0,0,0,0,1,0,FALSE,TRUE,FALSE,FALSE,AW
10/14/23,PHI,OTT,OTT,PHI,,0,1,0,1,0,0,TRUE,FALSE,FALSE,FALSE,HW
10/14/23,FLA,WPG,WPG,FLA,,0,1,0,0,1,0,TRUE,FALSE,FALSE,FALSE,HW
10/14/23,NSH,BOS,BOS,NSH,,1,0,0,1,1,0,TRUE,FALSE,FALSE,FALSE,HW
10/14/23,NYR,CBJ,CBJ,NYR,,0,1,0,1,0,0,TRUE,FALSE,FALSE,FALSE,HW
10/14/23,TBL,DET,DET,TBL,,0,1,0,1,0,0,TRUE,FALSE,FALSE,FALSE,HW
10/14/23,CHI,MTL,MTL,CHI,,0,1,0,1,1,0,TRUE,FALSE,FALSE,FALSE,HW
10/14/23,CGY,PIT,PIT,CGY,,1,1,0,1,0,0,TRUE,FALSE,FALSE,FALSE,HW
10/14/23,MIN,TOR,TOR,MIN,,1,0,0,1,0,0,TRUE,FALSE,FALSE,FALSE,HW
10/14/23,BUF,NYI,NYI,BUF,,0,0,0,0,1,0,TRUE,FALSE,FALSE,FALSE,HW
10/14/23,SEA,STL,STL,,SEA,0,0,1,0,2,0,FALSE,FALSE,TRUE,FALSE,HS
10/14/23,VAN,EDM,VAN,EDM,,0,1,0,1,0,0,FALSE,TRUE,FALSE,FALSE,AW
10/14/23,COL,SJS,COL,SJS,,0,1,0,1,0,0,FALSE,TRUE,FALSE,FALSE,AW
10/14/23,ANA,VGK,VGK,ANA,,2,0,0,0,0,0,TRUE,FALSE,FALSE,FALSE,HW
10/14/23,CAR,LAK,CAR,,LAK,0,1,0,1,0,0,FALSE,FALSE,FALSE,TRUE,AS
10/15/23,TBL,OTT,OTT,TBL,,1,1,0,1,1,0,TRUE,FALSE,FALSE,FALSE,HW
10/15/23,CAR,ANA,ANA,CAR,,0,1,0,2,0,0,TRUE,FALSE,FALSE,FALSE,HW
10/16/23,DET,CBJ,DET,CBJ,,1,1,0,1,1,0,FALSE,TRUE,FALSE,FALSE,AW
10/16/23,FLA,NJD,FLA,NJD,,1,0,1,0,2,0,FALSE,TRUE,FALSE,FALSE,AW
10/16/23,ARI,NYR,NYR,ARI,,1,1,0,1,0,0,TRUE,FALSE,FALSE,FALSE,HW
10/16/23,CHI,TOR,CHI,TOR,,2,0,0,1,2,0,FALSE,TRUE,FALSE,FALSE,AW
10/16/23,CGY,WSH,WSH,,CGY,0,1,0,1,1,0,FALSE,FALSE,TRUE,FALSE,HS
10/17/23,TBL,BUF,BUF,,TBL,0,2,0,1,2,0,FALSE,FALSE,TRUE,FALSE,HS
10/17/23,MIN,MTL,MIN,MTL,,1,1,0,1,1,0,FALSE,TRUE,FALSE,FALSE,AW
10/17/23,VAN,PHI,PHI,VAN,,1,1,0,2,0,0,TRUE,FALSE,FALSE,FALSE,HW
10/17/23,ARI,NYI,NYI,ARI,,1,0,0,1,1,0,TRUE,FALSE,FALSE,FALSE,HW
10/17/23,EDM,NSH,EDM,NSH,,1,2,0,0,2,0,FALSE,TRUE,FALSE,FALSE,AW
10/17/23,LAK,WPG,LAK,WPG,,1,1,0,0,1,1,FALSE,TRUE,FALSE,FALSE,AW
10/17/23,COL,SEA,COL,SEA,,0,2,1,2,0,0,FALSE,TRUE,FALSE,FALSE,AW
10/17/23,CAR,SJS,CAR,SJS,,0,2,0,2,1,0,FALSE,TRUE,FALSE,FALSE,AW
10/17/23,DAL,VGK,VGK,,DAL,3,0,0,1,0,0,FALSE,FALSE,TRUE,FALSE,HS
10/18/23,WSH,OTT,OTT,WSH,,2,1,0,1,1,0,TRUE,FALSE,FALSE,FALSE,HW
10/18/23,PIT,DET,DET,PIT,,2,1,0,2,1,0,TRUE,FALSE,FALSE,FALSE,HW
10/19/23,CGY,BUF,CGY,BUF,,1,2,0,1,1,1,FALSE,TRUE,FALSE,FALSE,AW
10/19/23,TOR,FLA,FLA,TOR,,1,2,0,2,1,0,TRUE,FALSE,FALSE,FALSE,HW
10/19/23,NSH,NYR,NSH,NYR,,2,1,0,1,3,0,FALSE,TRUE,FALSE,FALSE,AW
10/19/23,EDM,PHI,PHI,EDM,,2,1,0,1,2,0,TRUE,FALSE,FALSE,FALSE,HW
10/19/23,VAN,TBL,TBL,VAN,,1,2,1,2,1,0,TRUE,FALSE,FALSE,FALSE,HW
10/19/23,LAK,MIN,LAK,MIN,,2,1,0,1,1,1,FALSE,TRUE,FALSE,FALSE,AW
10/19/23,ARI,STL,ARI,STL,,1,0,1,1,2,0,FALSE,TRUE,FALSE,FALSE,AW
10/19/23,VGK,WPG,VGK,WPG,,1,2,0,4,0,0,FALSE,TRUE,FALSE,FALSE,AW
10/19/23,DAL,ANA,DAL,ANA,,1,1,0,1,0,1,FALSE,TRUE,FALSE,FALSE,AW
10/19/23,CAR,SEA,SEA,CAR,,0,3,1,3,1,0,TRUE,FALSE,FALSE,FALSE,HW
10/19/23,CHI,COL,COL,CHI,,3,0,0,2,2,0,TRUE,FALSE,FALSE,FALSE,HW
10/19/23,BOS,SJS,BOS,SJS,,0,3,0,2,0,0,FALSE,TRUE,FALSE,FALSE,AW
10/20/23,CGY,CBJ,CBJ,CGY,,1,2,0,2,1,1,TRUE,FALSE,FALSE,FALSE,HW
10/20/23,NJD,NYI,NJD,,NYI,2,0,0,1,1,1,FALSE,FALSE,FALSE,TRUE,AS
10/21/23,DET,OTT,DET,OTT,,3,1,0,3,1,0,FALSE,TRUE,FALSE,FALSE,AW
10/21/23,ANA,ARI,ARI,ANA,,2,2,0,1,2,0,TRUE,FALSE,FALSE,FALSE,HW
10/21/23,NYI,BUF,BUF,NYI,,1,3,0,2,0,1,TRUE,FALSE,FALSE,FALSE,HW
10/21/23,VAN,FLA,VAN,FLA,,2,2,0,2,2,0,FALSE,TRUE,FALSE,FALSE,AW
10/21/23,WSH,MTL,MTL,,WSH,1,2,0,1,2,0,FALSE,FALSE,TRUE,FALSE,HS
10/21/23,TOR,TBL,TOR,,TBL,2,2,1,2,2,0,FALSE,FALSE,FALSE,TRUE,AS
10/21/23,VGK,CHI,VGK,CHI,,2,3,0,5,0,0,FALSE,TRUE,FALSE,FALSE,AW
10/21/23,PHI,DAL,DAL,,PHI,2,0,1,3,1,0,FALSE,FALSE,TRUE,FALSE,HS
10/21/23,CBJ,MIN,CBJ,,MIN,2,2,0,2,2,0,FALSE,FALSE,FALSE,TRUE,AS
10/21/23,SJS,NSH,NSH,SJS,,2,3,0,0,4,0,TRUE,FALSE,FALSE,FALSE,HW
10/21/23,PIT,STL,STL,PIT,,1,1,1,2,2,0,TRUE,FALSE,FALSE,FALSE,HW
10/21/23,CAR,COL,COL,CAR,,4,0,0,3,2,0,TRUE,FALSE,FALSE,FALSE,HW
10/21/23,WPG,EDM,WPG,,EDM,1,3,0,1,3,0,FALSE,FALSE,FALSE,TRUE,AS
10/21/23,NYR,SEA,NYR,SEA,,1,3,1,2,2,0,FALSE,TRUE,FALSE,FALSE,AW
10/21/23,BOS,LAK,BOS,LAK,,2,1,1,3,0,0,FALSE,TRUE,FALSE,FALSE,AW
10/22/23,CGY,DET,DET,CGY,,4,1,0,2,2,1,TRUE,FALSE,FALSE,FALSE,HW
10/22/23,BOS,ANA,BOS,ANA,,1,3,0,4,0,0,FALSE,TRUE,FALSE,FALSE,AW
10/23/23,MTL,BUF,MTL,BUF,,2,3,0,2,2,0,FALSE,TRUE,FALSE,FALSE,AW
10/24/23,TOR,WSH,TOR,WSH,,1,2,1,3,2,0,FALSE,TRUE,FALSE,FALSE,AW
10/24/23,ANA,CBJ,ANA,,CBJ,3,2,0,1,4,0,FALSE,FALSE,FALSE,TRUE,AS
10/24/23,BUF,OTT,BUF,OTT,,3,2,0,2,4,0,FALSE,TRUE,FALSE,FALSE,AW
10/24/23,CAR,TBL,TBL,CAR,,2,2,2,3,3,0,TRUE,FALSE,FALSE,FALSE,HW
10/24/23,NJD,MTL,NJD,MTL,,3,2,0,2,1,1,FALSE,TRUE,FALSE,FALSE,AW
10/24/23,DAL,PIT,DAL,PIT,,2,3,0,3,0,1,FALSE,TRUE,FALSE,FALSE,AW
10/24/23,SJS,FLA,FLA,SJS,,2,3,0,0,5,0,TRUE,FALSE,FALSE,FALSE,HW
10/24/23,COL,NYI,COL,NYI,,2,1,1,5,0,0,FALSE,TRUE,FALSE,FALSE,AW
10/24/23,SEA,DET,SEA,,DET,5,1,0,1,4,1,FALSE,FALSE,FALSE,TRUE,AS
10/24/23,BOS,CHI,BOS,CHI,,2,4,0,5,0,0,FALSE,TRUE,FALSE,FALSE,AW
10/24/23,STL,WPG,WPG,STL,,2,3,0,2,1,1,TRUE,FALSE,FALSE,FALSE,HW
10/24/23,EDM,MIN,MIN,EDM,,2,2,1,1,3,1,TRUE,FALSE,FALSE,FALSE,HW
10/24/23,VAN,NSH,VAN,NSH,,3,3,0,3,2,0,FALSE,TRUE,FALSE,FALSE,AW
10/24/23,NYR,CGY,NYR,CGY,,2,3,1,3,2,0,FALSE,TRUE,FALSE,FALSE,AW
10/24/23,ARI,LAK,LAK,ARI,,2,2,1,3,2,0,TRUE,FALSE,FALSE,FALSE,HW
10/24/23,PHI,VGK,VGK,PHI,,6,0,0,3,1,1,TRUE,FALSE,FALSE,FALSE,HW
10/25/23,WSH,NJD,WSH,NJD,,3,1,1,1,3,1,FALSE,TRUE,FALSE,FALSE,AW
10/26/23,ANA,BOS,ANA,,BOS,6,0,0,2,4,0,FALSE,FALSE,FALSE,TRUE,AS
10/26/23,SEA,CAR,CAR,,SEA,3,4,0,2,4,1,FALSE,FALSE,TRUE,FALSE,HS
10/26/23,WPG,DET,WPG,DET,,5,1,1,3,3,0,FALSE,TRUE,FALSE,FALSE,AW
10/26/23,CBJ,MTL,MTL,CBJ,,3,3,0,3,2,1,TRUE,FALSE,FALSE,FALSE,HW
10/26/23,MIN,PHI,PHI,MIN,,3,2,1,3,2,1,TRUE,FALSE,FALSE,FALSE,HW
10/26/23,COL,PIT,PIT,COL,,2,4,0,6,0,0,TRUE,FALSE,FALSE,FALSE,HW
10/26/23,SJS,TBL,TBL,SJS,,3,2,2,0,6,0,TRUE,FALSE,FALSE,FALSE,HW
10/26/23,OTT,NYI,NYI,OTT,,2,2,1,3,3,0,TRUE,FALSE,FALSE,FALSE,HW
10/26/23,TOR,DAL,TOR,DAL,,4,0,1,4,2,0,FALSE,TRUE,FALSE,FALSE,AW
10/26/23,STL,CGY,STL,CGY,,2,4,1,2,2,1,FALSE,TRUE,FALSE,FALSE,AW
10/26/23,NYR,EDM,NYR,EDM,,1,4,1,4,2,0,FALSE,TRUE,FALSE,FALSE,AW
10/27/23,CHI,VGK,CHI,,VGK,7,0,0,2,5,0,FALSE,FALSE,FALSE,TRUE,AS
10/27/23,SJS,CAR,CAR,SJS,,4,4,0,0,7,0,TRUE,FALSE,FALSE,FALSE,HW
10/27/23,BUF,NJD,NJD,BUF,,3,2,1,3,4,0,TRUE,FALSE,FALSE,FALSE,HW
10/27/23,MIN,WSH,WSH,,MIN,2,3,1,3,3,1,FALSE,FALSE,TRUE,FALSE,HS
10/27/23,LAK,ARI,LAK,ARI,,3,3,0,3,2,1,FALSE,TRUE,FALSE,FALSE,AW
10/27/23,STL,VAN,VAN,STL,,4,2,0,3,2,1,TRUE,FALSE,FALSE,FALSE,HW
10/28/23,ANA,PHI,ANA,PHI,,4,2,1,3,4,0,FALSE,TRUE,FALSE,FALSE,AW
10/28/23,SEA,FLA,FLA,SEA,,3,3,0,2,4,2,TRUE,FALSE,FALSE,FALSE,HW
10/28/23,DET,BOS,BOS,DET,,6,0,1,5,2,1,TRUE,FALSE,FALSE,FALSE,HW
10/28/23,NYI,CBJ,NYI,CBJ,,3,3,1,3,2,1,FALSE,TRUE,FALSE,FALSE,AW
10/28/23,WPG,MTL,MTL,WPG,,4,3,0,4,3,0,TRUE,FALSE,FALSE,FALSE,HW
10/28/23,TOR,NSH,NSH,,TOR,3,4,0,5,2,0,FALSE,FALSE,TRUE,FALSE,HS
10/28/23,OTT,PIT,OTT,PIT,,3,4,0,3,4,0,FALSE,TRUE,FALSE,FALSE,AW
10/28/23,NYR,VAN,NYR,,VAN,5,2,0,5,2,0,FALSE,FALSE,FALSE,TRUE,AS
10/28/23,VGK,LAK,VGK,,LAK,4,2,1,7,0,1,FALSE,FALSE,FALSE,TRUE,AS
10/29/23,COL,BUF,BUF,COL,,3,5,0,6,1,0,TRUE,FALSE,FALSE,FALSE,HW
10/29/23,MIN,NJD,NJD,MIN,,4,2,1,3,3,2,TRUE,FALSE,FALSE,FALSE,HW
10/29/23,SJS,WSH,WSH,SJS,,3,3,1,0,8,0,TRUE,FALSE,FALSE,FALSE,HW
10/29/23,CGY,EDM,EDM,CGY,,1,5,1,2,5,1,TRUE,FALSE,FALSE,FALSE,HW
10/30/23,FLA,BOS,BOS,,FLA,7,0,1,4,3,0,FALSE,FALSE,TRUE,FALSE,HS
10/30/23,CAR,PHI,CAR,,PHI,4,3,1,5,4,0,FALSE,FALSE,FALSE,TRUE,AS
10/30/23,ANA,PIT,ANA,PIT,,3,5,0,4,4,0,FALSE,TRUE,FALSE,FALSE,AW
10/30/23,SEA,TBL,SEA,,TBL,4,2,2,2,5,2,FALSE,FALSE,FALSE,TRUE,AS
10/30/23,DET,NYI,DET,,NYI,4,2,1,5,3,1,FALSE,FALSE,FALSE,TRUE,AS
10/30/23,NYR,WPG,NYR,,WPG,4,4,0,6,2,0,FALSE,FALSE,FALSE,TRUE,AS
10/30/23,CBJ,DAL,DAL,CBJ,,4,1,1,3,4,1,TRUE,FALSE,FALSE,FALSE,HW
10/30/23,CHI,ARI,ARI,CHI,,3,4,0,3,5,0,TRUE,FALSE,FALSE,FALSE,HW
10/30/23,MTL,VGK,VGK,MTL,,8,0,1,5,3,0,TRUE,FALSE,FALSE,FALSE,HW
10/31/23,LAK,TOR,LAK,TOR,,5,2,1,4,2,2,FALSE,TRUE,FALSE,FALSE,AW
10/31/23,NSH,VAN,VAN,NSH,,5,2,1,4,4,0,TRUE,FALSE,FALSE,FALSE,HW
11/1/23,BUF,PHI,BUF,PHI,,4,3,2,4,5,0,FALSE,TRUE,FALSE,FALSE,AW
11/1/23,DAL,CGY,DAL,CGY,,2,6,1,5,1,1,FALSE,TRUE,FALSE,FALSE,AW
11/1/23,STL,COL,COL,STL,,6,2,0,3,3,1,TRUE,FALSE,FALSE,FALSE,HW
11/1/23,ARI,ANA,ANA,,ARI,5,4,0,4,4,0,FALSE,FALSE,TRUE,FALSE,HS
11/2/23,TOR,BOS,BOS,,TOR,8,0,1,5,3,1,FALSE,FALSE,TRUE,FALSE,HS
11/2/23,TBL,CBJ,CBJ,TBL,,3,5,1,4,2,3,TRUE,FALSE,FALSE,FALSE,HW
11/2/23,FLA,DET,FLA,DET,,6,3,1,4,3,1,FALSE,TRUE,FALSE,FALSE,AW
11/2/23,CAR,NYR,NYR,CAR,,7,2,0,6,4,0,TRUE,FALSE,FALSE,FALSE,HW
11/2/23,LAK,OTT,LAK,OTT,,4,4,0,5,2,2,FALSE,TRUE,FALSE,FALSE,AW
11/2/23,NYI,WSH,NYI,WSH,,4,3,1,4,2,2,FALSE,TRUE,FALSE,FALSE,AW
11/2/23,NJD,MIN,NJD,MIN,,3,4,2,5,2,1,FALSE,TRUE,FALSE,FALSE,AW
11/2/23,DAL,EDM,DAL,EDM,,2,5,1,6,1,1,FALSE,TRUE,FALSE,FALSE,AW
11/2/23,MTL,ARI,ARI,MTL,,4,4,1,5,4,0,TRUE,FALSE,FALSE,FALSE,HW
11/2/23,NSH,SEA,SEA,NSH,,3,5,2,4,5,0,TRUE,FALSE,FALSE,FALSE,HW
11/2/23,WPG,VGK,VGK,WPG,,9,0,1,4,4,1,TRUE,FALSE,FALSE,FALSE,HW
11/2/23,VAN,SJS,VAN,SJS,,0,9,0,6,2,1,FALSE,TRUE,FALSE,FALSE,AW
11/3/23,PHI,BUF,PHI,BUF,,5,5,0,4,4,2,FALSE,TRUE,FALSE,FALSE,AW
11/3/23,NJD,STL,STL,NJD,,3,4,1,6,2,1,TRUE,FALSE,FALSE,FALSE,HW
11/4/23,NSH,EDM,NSH,EDM,,2,6,1,4,6,0,FALSE,TRUE,FALSE,FALSE,AW
11/4/23,WPG,ARI,WPG,ARI,,5,4,1,4,5,1,FALSE,TRUE,FALSE,FALSE,AW
11/4/23,BOS,DET,DET,BOS,,6,4,1,9,0,1,TRUE,FALSE,FALSE,FALSE,HW
11/4/23,TBL,OTT,TBL,OTT,,4,5,0,4,3,3,FALSE,TRUE,FALSE,FALSE,AW
11/4/23,LAK,PHI,LAK,PHI,,5,4,2,6,2,2,FALSE,TRUE,FALSE,FALSE,AW
11/4/23,MTL,STL,STL,MTL,,4,4,1,5,5,0,TRUE,FALSE,FALSE,FALSE,HW
11/4/23,BUF,TOR,BUF,TOR,,5,3,2,5,6,0,FALSE,TRUE,FALSE,FALSE,AW
11/4/23,CBJ,WSH,WSH,CBJ,,4,4,1,4,5,1,TRUE,FALSE,FALSE,FALSE,HW
11/4/23,CAR,NYI,CAR,,NYI,5,2,2,6,5,0,FALSE,FALSE,FALSE,TRUE,AS
11/4/23,FLA,CHI,CHI,FLA,,3,6,0,5,3,1,TRUE,FALSE,FALSE,FALSE,HW
11/4/23,NYR,MIN,MIN,,NYR,3,5,2,8,2,0,FALSE,FALSE,TRUE,FALSE,HS
11/4/23,CGY,SEA,CGY,SEA,,4,5,2,2,7,1,FALSE,TRUE,FALSE,FALSE,AW
11/4/23,PIT,SJS,PIT,SJS,,0,10,0,3,6,0,FALSE,TRUE,FALSE,FALSE,AW
11/4/23,DAL,VAN,VAN,DAL,,7,2,1,7,1,1,TRUE,FALSE,FALSE,FALSE,HW
11/4/23,COL,VGK,VGK,COL,,10,0,1,7,2,0,TRUE,FALSE,FALSE,FALSE,HW
11/5/23,NJD,CHI,NJD,CHI,,4,6,0,6,3,1,FALSE,TRUE,FALSE,FALSE,AW
11/5/23,VGK,ANA,ANA,VGK,,6,4,0,11,0,1,TRUE,FALSE,FALSE,FALSE,HW
11/6/23,CBJ,FLA,FLA,CBJ,,5,4,1,4,6,1,TRUE,FALSE,FALSE,FALSE,HW
11/6/23,TBL,TOR,TOR,,TBL,5,4,2,5,3,3,FALSE,FALSE,TRUE,FALSE,HS
11/6/23,BOS,DAL,BOS,DAL,,7,2,1,9,1,1,FALSE,TRUE,FALSE,FALSE,AW
11/6/23,EDM,VAN,VAN,EDM,,8,2,1,2,7,1,TRUE,FALSE,FALSE,FALSE,HW
11/7/23,BUF,CAR,CAR,,BUF,7,5,0,6,6,0,FALSE,FALSE,TRUE,FALSE,HS
11/7/23,TBL,MTL,TBL,MTL,,5,6,0,5,3,4,FALSE,TRUE,FALSE,FALSE,AW
11/7/23,MIN,NYI,MIN,NYI,,5,2,3,4,5,2,FALSE,TRUE,FALSE,FALSE,AW
11/7/23,DET,NYR,NYR,DET,,8,2,1,7,4,1,TRUE,FALSE,FALSE,FALSE,HW
11/7/23,WPG,STL,WPG,STL,,5,4,1,5,5,1,FALSE,TRUE,FALSE,FALSE,AW
11/7/23,SEA,ARI,ARI,,SEA,5,5,1,4,6,2,FALSE,FALSE,TRUE,FALSE,HS
11/7/23,NSH,CGY,CGY,NSH,,3,7,1,5,6,0,TRUE,FALSE,FALSE,FALSE,HW
11/7/23,PIT,ANA,PIT,ANA,,7,4,0,4,6,0,FALSE,TRUE,FALSE,FALSE,AW
11/7/23,NJD,COL,COL,NJD,,7,3,0,7,3,1,TRUE,FALSE,FALSE,FALSE,HW
11/7/23,PHI,SJS,SJS,PHI,,0,11,0,5,5,2,TRUE,FALSE,FALSE,FALSE,HW
11/8/23,OTT,TOR,OTT,TOR,,6,4,2,4,6,0,FALSE,TRUE,FALSE,FALSE,AW
11/8/23,FLA,WSH,FLA,,WSH,5,4,1,6,4,1,FALSE,FALSE,FALSE,TRUE,AS
11/8/23,LAK,VGK,LAK,VGK,,11,1,1,7,2,2,FALSE,TRUE,FALSE,FALSE,AW
11/9/23,NYI,BOS,BOS,NYI,,10,1,1,5,3,3,TRUE,FALSE,FALSE,FALSE,HW
11/9/23,DAL,CBJ,DAL,CBJ,,4,7,1,7,3,1,FALSE,TRUE,FALSE,FALSE,AW
11/9/23,MTL,DET,MTL,,DET,7,5,1,5,7,0,FALSE,FALSE,FALSE,TRUE,AS
11/9/23,MIN,NYR,NYR,MIN,,9,2,1,5,5,2,TRUE,FALSE,FALSE,FALSE,HW
11/9/23,VAN,OTT,VAN,OTT,,5,6,0,9,2,1,FALSE,TRUE,FALSE,FALSE,AW
11/9/23,CHI,TBL,CHI,TBL,,6,3,4,4,7,0,FALSE,TRUE,FALSE,FALSE,AW
11/9/23,ARI,STL,STL,ARI,,5,5,1,6,5,1,TRUE,FALSE,FALSE,FALSE,HW
11/9/23,NSH,WPG,WPG,NSH,,6,5,1,5,7,0,TRUE,FALSE,FALSE,FALSE,HW
11/9/23,SEA,COL,SEA,COL,,8,3,0,4,6,3,FALSE,TRUE,FALSE,FALSE,AW
11/9/23,PIT,LAK,PIT,LAK,,8,2,2,5,6,0,FALSE,TRUE,FALSE,FALSE,AW
11/9/23,EDM,SJS,SJS,EDM,,1,11,0,2,8,1,TRUE,FALSE,FALSE,FALSE,HW
11/10/23,MIN,BUF,BUF,MIN,,6,6,1,5,6,2,TRUE,FALSE,FALSE,FALSE,HW
11/10/23,CAR,FLA,FLA,CAR,,7,4,1,8,5,0,TRUE,FALSE,FALSE,FALSE,HW
11/10/23,WSH,NJD,WSH,NJD,,7,4,1,5,4,2,FALSE,TRUE,FALSE,FALSE,AW
11/10/23,CGY,TOR,TOR,,CGY,6,5,2,4,7,1,FALSE,FALSE,TRUE,FALSE,HS
11/10/23,PHI,ANA,PHI,ANA,,7,5,0,5,6,2,FALSE,TRUE,FALSE,FALSE,AW
11/10/23,SJS,VGK,VGK,SJS,,11,2,1,2,11,0,TRUE,FALSE,FALSE,FALSE,HW
11/11/23,CBJ,DET,DET,CBJ,,7,5,2,4,8,1,TRUE,FALSE,FALSE,FALSE,HW
11/11/23,DAL,WPG,DAL,WPG,,7,5,1,8,3,1,FALSE,TRUE,FALSE,FALSE,AW
11/11/23,BOS,MTL,MTL,,BOS,6,7,0,11,1,1,FALSE,FALSE,TRUE,FALSE,HS
11/11/23,CGY,OTT,OTT,CGY,,5,7,0,4,7,2,TRUE,FALSE,FALSE,FALSE,HW
11/11/23,CAR,TBL,CAR,TBL,,6,4,4,8,6,0,FALSE,TRUE,FALSE,FALSE,AW
11/11/23,VAN,TOR,TOR,VAN,,7,5,2,10,2,1,TRUE,FALSE,FALSE,FALSE,HW
11/11/23,WSH,NYI,WSH,NYI,,5,4,3,6,4,2,FALSE,TRUE,FALSE,FALSE,AW
11/11/23,BUF,PIT,PIT,BUF,,6,6,0,7,6,1,TRUE,FALSE,FALSE,FALSE,HW
11/11/23,ARI,NSH,ARI,NSH,,5,8,0,6,6,1,FALSE,TRUE,FALSE,FALSE,AW
11/11/23,STL,COL,STL,COL,,8,4,0,6,5,1,FALSE,TRUE,FALSE,FALSE,AW
11/11/23,EDM,SEA,EDM,SEA,,5,6,3,2,9,1,FALSE,TRUE,FALSE,FALSE,AW
11/11/23,PHI,LAK,PHI,LAK,,8,3,2,6,6,2,FALSE,TRUE,FALSE,FALSE,AW
11/12/23,CHI,FLA,FLA,CHI,,8,4,1,5,7,0,TRUE,FALSE,FALSE,FALSE,HW
11/12/23,DAL,MIN,DAL,MIN,,5,7,2,9,3,1,FALSE,TRUE,FALSE,FALSE,AW
11/12/23,VAN,MTL,VAN,MTL,,7,7,0,10,3,1,FALSE,TRUE,FALSE,FALSE,AW
11/12/23,CBJ,NYR,NYR,,CBJ,10,2,1,4,9,1,FALSE,FALSE,TRUE,FALSE,HS
11/12/23,SJS,ANA,ANA,SJS,,7,6,0,2,12,0,TRUE,FALSE,FALSE,FALSE,HW
11/13/23,NYI,EDM,EDM,NYI,,3,9,1,5,5,3,TRUE,FALSE,FALSE,FALSE,HW
11/13/23,COL,SEA,COL,SEA,,5,7,3,8,5,0,FALSE,TRUE,FALSE,FALSE,AW
11/14/23,BOS,BUF,BOS,BUF,,7,7,1,11,1,2,FALSE,TRUE,FALSE,FALSE,AW
11/14/23,PIT,CBJ,PIT,CBJ,,4,9,2,7,6,0,FALSE,TRUE,FALSE,FALSE,AW
11/14/23,CGY,MTL,CGY,MTL,,7,8,0,4,8,2,FALSE,TRUE,FALSE,FALSE,AW
11/14/23,VGK,WSH,WSH,VGK,,7,4,2,12,2,1,TRUE,FALSE,FALSE,FALSE,HW
11/14/23,ARI,DAL,DAL,,ARI,10,3,1,7,6,1,FALSE,FALSE,TRUE,FALSE,HS
11/14/23,ANA,NSH,ANA,NSH,,5,9,0,8,6,0,FALSE,TRUE,FALSE,FALSE,AW
11/14/23,TBL,STL,STL,TBL,,7,5,1,6,5,4,TRUE,FALSE,FALSE,FALSE,HW
11/14/23,NJD,WPG,WPG,NJD,,7,6,1,7,5,1,TRUE,FALSE,FALSE,FALSE,HW
11/14/23,FLA,SJS,FLA,SJS,,2,13,0,9,4,1,FALSE,TRUE,FALSE,FALSE,AW
11/15/23,PHI,CAR,PHI,CAR,,9,6,0,7,6,2,FALSE,TRUE,FALSE,FALSE,AW
11/15/23,SEA,EDM,EDM,,SEA,4,9,1,5,8,3,FALSE,FALSE,TRUE,FALSE,HS
11/15/23,ANA,COL,COL,ANA,,9,5,0,9,6,0,TRUE,FALSE,FALSE,FALSE,HW
11/15/23,NYI,VAN,VAN,,NYI,11,3,1,5,6,3,FALSE,FALSE,TRUE,FALSE,HS
11/16/23,DET,OTT,OTT,,DET,6,7,0,8,5,2,FALSE,FALSE,TRUE,FALSE,HS
11/16/23,ARI,CBJ,ARI,CBJ,,4,10,2,7,6,2,FALSE,TRUE,FALSE,FALSE,AW
11/16/23,VGK,MTL,VGK,MTL,,7,9,0,12,3,1,FALSE,TRUE,FALSE,FALSE,AW
11/16/23,NJD,PIT,NJD,PIT,,8,6,0,7,6,1,FALSE,TRUE,FALSE,FALSE,AW
11/16/23,TBL,CHI,TBL,CHI,,5,8,0,6,6,4,FALSE,TRUE,FALSE,FALSE,AW
11/16/23,VAN,CGY,CGY,VAN,,5,8,2,12,3,1,TRUE,FALSE,FALSE,FALSE,HW
11/16/23,NYI,SEA,SEA,,NYI,5,8,4,5,6,4,FALSE,FALSE,TRUE,FALSE,HS
11/16/23,FLA,LAK,LAK,FLA,,8,4,2,10,4,1,TRUE,FALSE,FALSE,FALSE,HW
11/16/23,STL,SJS,SJS,STL,,2,14,0,8,5,1,TRUE,FALSE,FALSE,FALSE,HW
11/17/23,TOR,DET,TOR,DET,,8,5,3,8,5,2,FALSE,TRUE,FALSE,FALSE,AW
11/17/23,BUF,WPG,WPG,BUF,,8,6,1,7,8,1,TRUE,FALSE,FALSE,FALSE,HW
11/17/23,FLA,ANA,FLA,ANA,,9,7,0,10,5,1,FALSE,TRUE,FALSE,FALSE,AW
11/18/23,MIN,OTT,OTT,,MIN,7,7,0,5,8,2,FALSE,FALSE,TRUE,FALSE,HS
11/18/23,VGK,PHI,PHI,,VGK,8,6,2,13,3,1,FALSE,FALSE,TRUE,FALSE,HS
11/18/23,CHI,NSH,NSH,CHI,,5,10,0,5,9,0,TRUE,FALSE,FALSE,FALSE,HW
11/18/23,EDM,TBL,TBL,EDM,,7,6,4,5,9,1,TRUE,FALSE,FALSE,FALSE,HW
11/18/23,MTL,BOS,BOS,MTL,,12,1,2,7,10,0,TRUE,FALSE,FALSE,FALSE,HW
11/18/23,PIT,CAR,CAR,PIT,,9,7,0,8,7,0,TRUE,FALSE,FALSE,FALSE,HW
11/18/23,NYI,CGY,NYI,,CGY,6,8,2,5,6,5,FALSE,FALSE,FALSE,TRUE,AS
11/18/23,NYR,NJD,NYR,NJD,,8,6,1,11,2,1,FALSE,TRUE,FALSE,FALSE,AW
11/18/23,ARI,WPG,WPG,ARI,,9,6,1,8,6,2,TRUE,FALSE,FALSE,FALSE,HW
11/18/23,CBJ,WSH,WSH,CBJ,,8,4,2,4,11,2,TRUE,FALSE,FALSE,FALSE,HW
11/18/23,COL,DAL,COL,DAL,,11,3,1,10,5,0,FALSE,TRUE,FALSE,FALSE,AW
11/18/23,SEA,VAN,SEA,VAN,,12,4,1,6,8,4,FALSE,TRUE,FALSE,FALSE,AW
11/18/23,STL,LAK,LAK,STL,,9,4,2,8,6,1,TRUE,FALSE,FALSE,FALSE,HW
11/19/23,TOR,MIN,TOR,,MIN,5,8,3,9,5,2,FALSE,FALSE,FALSE,TRUE,AS
11/19/23,CBJ,PHI,PHI,CBJ,,9,6,2,4,12,2,TRUE,FALSE,FALSE,FALSE,HW
11/19/23,VGK,PIT,PIT,VGK,,8,8,0,13,3,2,TRUE,FALSE,FALSE,FALSE,HW
11/19/23,BUF,CHI,BUF,CHI,,5,10,0,7,9,1,FALSE,TRUE,FALSE,FALSE,AW
11/19/23,STL,ANA,STL,ANA,,9,8,0,8,7,1,FALSE,TRUE,FALSE,FALSE,AW
11/20/23,EDM,FLA,FLA,EDM,,11,5,1,5,10,1,TRUE,FALSE,FALSE,FALSE,HW
11/20/23,BOS,TBL,TBL,BOS,,8,6,4,13,1,2,TRUE,FALSE,FALSE,FALSE,HW
11/20/23,NYR,DAL,DAL,NYR,,11,4,1,12,2,1,TRUE,FALSE,FALSE,FALSE,HW
11/20/23,COL,NSH,NSH,COL,,6,10,0,11,5,0,TRUE,FALSE,FALSE,FALSE,HW
11/20/23,LAK,ARI,LAK,ARI,,8,7,2,10,4,2,FALSE,TRUE,FALSE,FALSE,AW
11/20/23,CGY,SEA,CGY,,SEA,7,8,4,6,8,3,FALSE,FALSE,FALSE,TRUE,AS
11/20/23,SJS,VAN,VAN,SJS,,12,5,1,3,14,0,TRUE,FALSE,FALSE,FALSE,HW
11/22/23,EDM,CAR,CAR,EDM,,10,7,0,5,11,1,TRUE,FALSE,FALSE,FALSE,HW
11/22/23,CHI,CBJ,CBJ,CHI,,4,13,2,5,11,0,TRUE,FALSE,FALSE,FALSE,HW
11/22/23,NJD,DET,DET,NJD,,8,6,3,8,7,1,TRUE,FALSE,FALSE,FALSE,HW
11/22/23,BOS,FLA,BOS,FLA,,12,5,1,13,2,2,FALSE,TRUE,FALSE,FALSE,AW
11/22/23,NYR,PIT,NYR,PIT,,9,8,0,12,3,1,FALSE,TRUE,FALSE,FALSE,AW
11/22/23,WPG,TBL,WPG,,TBL,9,6,4,10,6,1,FALSE,FALSE,FALSE,TRUE,AS
11/22/23,BUF,WSH,WSH,,BUF,9,4,2,8,9,1,FALSE,FALSE,TRUE,FALSE,HS
11/22/23,PHI,NYI,NYI,PHI,,6,6,5,10,6,2,TRUE,FALSE,FALSE,FALSE,HW
11/22/23,STL,ARI,STL,ARI,,8,8,2,9,7,1,FALSE,TRUE,FALSE,FALSE,AW
11/22/23,CGY,NSH,NSH,CGY,,7,10,0,7,8,3,TRUE,FALSE,FALSE,FALSE,HW
11/22/23,VGK,DAL,VGK,,DAL,12,4,1,13,4,2,FALSE,FALSE,FALSE,TRUE,AS
11/22/23,MTL,ANA,MTL,ANA,,9,9,0,7,11,0,FALSE,TRUE,FALSE,FALSE,AW
11/22/23,VAN,COL,COL,VAN,,11,6,0,13,5,1,TRUE,FALSE,FALSE,FALSE,HW
11/22/23,SJS,SEA,SEA,SJS,,7,8,5,3,15,0,TRUE,FALSE,FALSE,FALSE,HW
11/24/23,DET,BOS,DET,BOS,,14,2,2,9,6,3,FALSE,TRUE,FALSE,FALSE,AW
11/24/23,NYR,PHI,NYR,PHI,,10,7,2,13,3,1,FALSE,TRUE,FALSE,FALSE,AW
11/24/23,TOR,CHI,CHI,,TOR,5,12,0,10,5,2,FALSE,FALSE,TRUE,FALSE,HS
11/24/23,CBJ,NJD,CBJ,NJD,,8,8,1,5,13,2,FALSE,TRUE,FALSE,FALSE,AW
11/24/23,NSH,STL,NSH,STL,,10,7,1,8,10,0,FALSE,TRUE,FALSE,FALSE,AW
11/24/23,EDM,WSH,EDM,WSH,,10,4,2,5,12,1,FALSE,TRUE,FALSE,FALSE,AW
11/24/23,LAK,ANA,LAK,ANA,,9,10,0,11,4,2,FALSE,TRUE,FALSE,FALSE,AW
11/24/23,MTL,SJS,MTL,,SJS,3,16,0,8,11,0,FALSE,FALSE,FALSE,TRUE,AS
11/24/23,PIT,BUF,BUF,PIT,,8,9,2,9,9,0,TRUE,FALSE,FALSE,FALSE,HW
11/24/23,NYI,OTT,NYI,OTT,,8,7,0,7,6,5,FALSE,TRUE,FALSE,FALSE,AW
11/24/23,TBL,CAR,TBL,CAR,,11,7,0,9,6,5,FALSE,TRUE,FALSE,FALSE,AW
11/24/23,WPG,FLA,WPG,FLA,,12,6,1,11,6,1,FALSE,TRUE,FALSE,FALSE,AW
11/24/23,CGY,DAL,CGY,DAL,,12,4,2,7,9,3,FALSE,TRUE,FALSE,FALSE,AW
11/24/23,COL,MIN,COL,MIN,,5,8,4,12,6,0,FALSE,TRUE,FALSE,FALSE,AW
11/24/23,VAN,SEA,VAN,SEA,,8,8,5,13,6,1,FALSE,TRUE,FALSE,FALSE,AW
11/25/23,BOS,NYR,NYR,BOS,,14,3,1,14,3,2,TRUE,FALSE,FALSE,FALSE,HW
11/25/23,MTL,LAK,LAK,MTL,,12,4,2,9,11,0,TRUE,FALSE,FALSE,FALSE,HW
11/25/23,BUF,NJD,NJD,BUF,,8,9,1,9,9,2,TRUE,FALSE,FALSE,FALSE,HW
11/25/23,TOR,PIT,PIT,TOR,,9,10,0,10,5,3,TRUE,FALSE,FALSE,FALSE,HW
11/25/23,PHI,NYI,PHI,,NYI,8,6,5,10,8,2,FALSE,FALSE,FALSE,TRUE,AS
11/25/23,CGY,COL,COL,CGY,,13,6,0,8,9,3,TRUE,FALSE,FALSE,FALSE,HW
11/25/23,VAN,SJS,SJS,VAN,,3,16,1,14,6,1,TRUE,FALSE,FALSE,FALSE,HW
11/25/23,ARI,VGK,ARI,VGK,,14,4,2,8,9,2,FALSE,TRUE,FALSE,FALSE,AW
11/26/23,MIN,DET,DET,MIN,,10,6,3,5,9,4,TRUE,FALSE,FALSE,FALSE,HW
11/26/23,STL,CHI,STL,CHI,,6,12,0,10,8,1,FALSE,TRUE,FALSE,FALSE,AW
11/26/23,CBJ,CAR,CAR,CBJ,,11,8,0,6,13,2,TRUE,FALSE,FALSE,FALSE,HW
11/26/23,WPG,NSH,NSH,WPG,,9,10,0,12,6,1,TRUE,FALSE,FALSE,FALSE,HW
11/26/23,ANA,EDM,EDM,ANA,,6,12,1,9,11,0,TRUE,FALSE,FALSE,FALSE,HW
11/27/23,BOS,CBJ,CBJ,BOS,,6,14,2,14,4,2,TRUE,FALSE,FALSE,FALSE,HW
11/27/23,BUF,NYR,BUF,NYR,,15,3,1,9,10,2,FALSE,TRUE,FALSE,FALSE,AW
11/27/23,FLA,OTT,FLA,OTT,,8,8,0,12,7,1,FALSE,TRUE,FALSE,FALSE,AW
11/27/23,TBL,COL,COL,TBL,,14,6,0,10,6,5,TRUE,FALSE,FALSE,FALSE,HW
11/27/23,VGK,CGY,CGY,,VGK,8,10,3,14,5,2,FALSE,FALSE,TRUE,FALSE,HS
11/27/23,WSH,SJS,SJS,WSH,,4,16,1,10,5,2,TRUE,FALSE,FALSE,FALSE,HW
11/28/23,NYI,NJD,NJD,NYI,,9,9,1,8,6,6,TRUE,FALSE,FALSE,FALSE,HW
11/28/23,CAR,PHI,CAR,PHI,,11,8,2,12,8,0,FALSE,TRUE,FALSE,FALSE,AW
11/28/23,FLA,TOR,TOR,,FLA,10,6,3,13,7,1,FALSE,FALSE,TRUE,FALSE,HS
11/28/23,STL,MIN,MIN,STL,,5,10,4,11,8,1,TRUE,FALSE,FALSE,FALSE,HW
11/28/23,PIT,NSH,NSH,,PIT,10,10,0,10,10,0,FALSE,FALSE,TRUE,FALSE,HS
11/28/23,DAL,WPG,DAL,WPG,,12,7,1,12,5,2,FALSE,TRUE,FALSE,FALSE,AW
11/28/23,SEA,CHI,CHI,SEA,,6,13,0,8,9,5,TRUE,FALSE,FALSE,FALSE,HW
11/28/23,TBL,ARI,ARI,TBL,,9,9,2,10,7,5,TRUE,FALSE,FALSE,FALSE,HW
11/28/23,VGK,EDM,EDM,,VGK,7,12,1,14,5,3,FALSE,FALSE,TRUE,FALSE,HS
11/28/23,ANA,VAN,VAN,ANA,,14,7,1,9,12,0,TRUE,FALSE,FALSE,FALSE,HW
11/29/23,MTL,CBJ,MTL,CBJ,,7,14,2,9,12,0,FALSE,TRUE,FALSE,FALSE,AW
11/29/23,DET,NYR,NYR,DET,,15,4,1,11,6,3,TRUE,FALSE,FALSE,FALSE,HW
11/29/23,WSH,LAK,WSH,LAK,,13,4,2,10,6,2,FALSE,TRUE,FALSE,FALSE,AW
11/30/23,SJS,BOS,BOS,SJS,,14,5,2,5,16,1,TRUE,FALSE,FALSE,FALSE,HW
11/30/23,NYI,CAR,NYI,,CAR,13,8,0,8,7,6,FALSE,FALSE,FALSE,TRUE,AS
11/30/23,CHI,DET,DET,CHI,,11,7,3,7,13,0,TRUE,FALSE,FALSE,FALSE,HW
11/30/23,FLA,MTL,FLA,MTL,,10,12,0,13,7,2,FALSE,TRUE,FALSE,FALSE,AW
11/30/23,NJD,PHI,NJD,,PHI,11,9,2,10,9,1,FALSE,FALSE,FALSE,TRUE,AS
11/30/23,PIT,TBL,PIT,TBL,,10,8,5,10,10,1,FALSE,TRUE,FALSE,FALSE,AW
11/30/23,SEA,TOR,TOR,,SEA,11,6,3,8,10,5,FALSE,FALSE,TRUE,FALSE,HS
11/30/23,MIN,NSH,MIN,NSH,,11,10,0,6,10,4,FALSE,TRUE,FALSE,FALSE,AW
11/30/23,BUF,STL,STL,BUF,,11,9,1,10,10,2,TRUE,FALSE,FALSE,FALSE,HW
11/30/23,EDM,WPG,EDM,WPG,,12,8,1,8,12,1,FALSE,TRUE,FALSE,FALSE,AW
11/30/23,COL,ARI,ARI,,COL,10,9,2,15,6,0,FALSE,FALSE,TRUE,FALSE,HS
11/30/23,DAL,CGY,CGY,,DAL,9,10,3,13,5,2,FALSE,FALSE,TRUE,FALSE,HS
11/30/23,WSH,ANA,WSH,ANA,,9,13,0,11,6,2,FALSE,TRUE,FALSE,FALSE,AW
11/30/23,VGK,VAN,VGK,VAN,,15,7,1,14,5,4,FALSE,TRUE,FALSE,FALSE,AW
12/1/23,OTT,CBJ,CBJ,OTT,,7,15,2,8,9,0,TRUE,FALSE,FALSE,FALSE,HW
12/1/23,SJS,NJD,SJS,NJD,,11,9,1,5,17,1,FALSE,TRUE,FALSE,FALSE,AW
12/2/23,TBL,DAL,DAL,TBL,,13,5,3,10,9,5,TRUE,FALSE,FALSE,FALSE,HW
12/2/23,CHI,WPG,WPG,CHI,,12,9,1,7,14,0,TRUE,FALSE,FALSE,FALSE,HW
12/2/23,NYR,NSH,NYR,NSH,,11,11,0,16,4,1,FALSE,TRUE,FALSE,FALSE,AW
12/2/23,NYI,FLA,NYI,FLA,,14,7,2,9,7,6,FALSE,TRUE,FALSE,FALSE,AW
12/2/23,BUF,CAR,CAR,BUF,,13,8,1,10,11,2,TRUE,FALSE,FALSE,FALSE,HW
12/2/23,DET,MTL,DET,,MTL,10,13,0,12,7,3,FALSE,FALSE,FALSE,TRUE,AS
12/2/23,SEA,OTT,OTT,SEA,,8,10,0,8,10,6,TRUE,FALSE,FALSE,FALSE,HW
12/2/23,PHI,PIT,PHI,,PIT,11,10,1,11,9,3,FALSE,FALSE,FALSE,TRUE,AS
12/2/23,BOS,TOR,BOS,,TOR,12,6,3,15,5,2,FALSE,FALSE,FALSE,TRUE,AS
12/2/23,STL,ARI,ARI,STL,,11,9,2,12,9,1,TRUE,FALSE,FALSE,FALSE,HW
12/2/23,COL,ANA,ANA,,COL,9,14,0,15,6,1,FALSE,FALSE,TRUE,FALSE,HS
12/2/23,VAN,CGY,VAN,CGY,,10,10,3,15,8,1,FALSE,TRUE,FALSE,FALSE,AW
12/2/23,WSH,VGK,VGK,WSH,,15,5,4,12,6,2,TRUE,FALSE,FALSE,FALSE,HW
12/3/23,CHI,MIN,MIN,CHI,,7,10,4,7,15,0,TRUE,FALSE,FALSE,FALSE,HW
12/3/23,SJS,NYR,NYR,SJS,,17,4,1,6,17,1,TRUE,FALSE,FALSE,FALSE,HW
12/3/23,CBJ,BOS,BOS,CBJ,,16,5,2,8,15,2,TRUE,FALSE,FALSE,FALSE,HW
12/3/23,NSH,BUF,NSH,BUF,,10,12,2,11,12,0,FALSE,TRUE,FALSE,FALSE,AW
12/3/23,COL,LAK,LAK,COL,,13,5,2,15,6,2,TRUE,FALSE,FALSE,FALSE,HW
12/4/23,PIT,PHI,PHI,,PIT,12,9,3,11,10,2,FALSE,FALSE,TRUE,FALSE,HS
12/4/23,DAL,TBL,TBL,DAL,,10,10,5,14,5,3,TRUE,FALSE,FALSE,FALSE,HW
12/4/23,SEA,MTL,MTL,SEA,,10,13,1,8,11,6,TRUE,FALSE,FALSE,FALSE,HW
12/4/23,CAR,WPG,WPG,CAR,,13,9,1,14,8,1,TRUE,FALSE,FALSE,FALSE,HW
12/4/23,WSH,ARI,ARI,WSH,,12,9,2,12,7,2,TRUE,FALSE,FALSE,FALSE,HW
12/4/23,STL,VGK,STL,,VGK,16,5,4,12,10,1,FALSE,FALSE,FALSE,TRUE,AS
12/5/23,DET,BUF,DET,BUF,,10,13,2,13,7,3,FALSE,TRUE,FALSE,FALSE,AW
12/5/23,LAK,CBJ,LAK,,CBJ,8,16,2,14,5,2,FALSE,FALSE,FALSE,TRUE,AS
12/5/23,NYR,OTT,OTT,NYR,,9,10,0,18,4,1,TRUE,FALSE,FALSE,FALSE,HW
12/5/23,SJS,NYI,SJS,,NYI,10,7,6,6,18,1,FALSE,FALSE,FALSE,TRUE,AS
12/5/23,NSH,CHI,NSH,,CHI,7,16,0,12,12,0,FALSE,FALSE,FALSE,TRUE,AS
12/5/23,MIN,CGY,MIN,CGY,,10,11,3,8,10,4,FALSE,TRUE,FALSE,FALSE,AW
12/5/23,ANA,COL,COL,ANA,,15,7,2,10,14,0,TRUE,FALSE,FALSE,FALSE,HW
12/5/23,NJD,VAN,NJD,VAN,,16,8,1,11,10,1,FALSE,TRUE,FALSE,FALSE,AW
12/6/23,DAL,FLA,FLA,DAL,,14,8,2,14,6,3,TRUE,FALSE,FALSE,FALSE,HW
12/6/23,PIT,TBL,TBL,PIT,,11,10,5,11,10,3,TRUE,FALSE,FALSE,FALSE,HW
12/6/23,VGK,STL,VGK,STL,,13,10,1,16,5,5,FALSE,TRUE,FALSE,FALSE,AW
12/6/23,CAR,EDM,EDM,CAR,,9,12,1,14,9,1,TRUE,FALSE,FALSE,FALSE,HW
12/7/23,BUF,BOS,BUF,BOS,,17,5,2,10,14,2,FALSE,TRUE,FALSE,FALSE,AW
12/7/23,SJS,DET,SJS,,DET,14,7,3,7,18,1,FALSE,FALSE,FALSE,TRUE,AS
12/7/23,LAK,MTL,LAK,MTL,,11,13,1,15,5,2,FALSE,TRUE,FALSE,FALSE,AW
12/7/23,TOR,OTT,TOR,OTT,,10,10,0,12,6,4,FALSE,TRUE,FALSE,FALSE,AW
12/7/23,DAL,WSH,DAL,,WSH,12,8,2,14,7,3,FALSE,FALSE,FALSE,TRUE,AS
12/7/23,CBJ,NYI,NYI,CBJ,,10,7,7,8,16,3,TRUE,FALSE,FALSE,FALSE,HW
12/7/23,TBL,NSH,NSH,TBL,,13,12,0,12,10,5,TRUE,FALSE,FALSE,FALSE,HW
12/7/23,ANA,CHI,CHI,ANA,,7,16,1,10,15,0,TRUE,FALSE,FALSE,FALSE,HW
12/7/23,PHI,ARI,PHI,ARI,,13,9,2,13,9,3,FALSE,TRUE,FALSE,FALSE,AW
12/7/23,CAR,CGY,CGY,CAR,,10,12,3,14,10,1,TRUE,FALSE,FALSE,FALSE,HW
12/7/23,WPG,COL,WPG,COL,,16,7,2,14,9,1,FALSE,TRUE,FALSE,FALSE,AW
12/7/23,NJD,SEA,NJD,SEA,,8,12,6,12,10,1,FALSE,TRUE,FALSE,FALSE,AW
12/7/23,MIN,VAN,VAN,MIN,,16,9,1,9,10,4,TRUE,FALSE,FALSE,FALSE,HW
12/8/23,STL,CBJ,CBJ,STL,,8,17,3,13,11,1,TRUE,FALSE,FALSE,FALSE,HW
12/8/23,PIT,FLA,FLA,PIT,,15,8,2,11,11,3,TRUE,FALSE,FALSE,FALSE,HW
12/8/23,MIN,EDM,EDM,MIN,,10,12,1,9,11,4,TRUE,FALSE,FALSE,FALSE,HW
12/9/23,ARI,BOS,BOS,ARI,,17,6,2,13,10,2,TRUE,FALSE,FALSE,FALSE,HW
12/9/23,NJD,CGY,NJD,CGY,,11,12,3,13,10,1,FALSE,TRUE,FALSE,FALSE,AW
12/9/23,VGK,DAL,VGK,DAL,,15,7,3,17,5,5,FALSE,TRUE,FALSE,FALSE,AW
12/9/23,MTL,BUF,MTL,,BUF,11,14,2,11,14,1,FALSE,FALSE,FALSE,TRUE,AS
12/9/23,OTT,DET,OTT,DET,,14,7,4,10,11,0,FALSE,TRUE,FALSE,FALSE,AW
12/9/23,NSH,TOR,TOR,NSH,,13,6,4,14,12,0,TRUE,FALSE,FALSE,FALSE,HW
12/9/23,NYR,WSH,WSH,NYR,,12,8,3,18,5,1,TRUE,FALSE,FALSE,FALSE,HW
12/9/23,LAK,NYI,NYI,,LAK,11,7,7,16,5,2,FALSE,FALSE,TRUE,FALSE,HS
12/9/23,STL,CHI,CHI,STL,,8,16,1,13,12,1,TRUE,FALSE,FALSE,FALSE,HW
12/9/23,PHI,COL,PHI,COL,,16,8,2,14,9,3,FALSE,TRUE,FALSE,FALSE,AW
12/9/23,TBL,SEA,TBL,,SEA,8,13,6,12,11,5,FALSE,FALSE,FALSE,TRUE,AS
12/9/23,CAR,VAN,VAN,CAR,,17,9,1,14,11,1,TRUE,FALSE,FALSE,FALSE,HW
12/10/23,FLA,CBJ,FLA,CBJ,,9,17,3,16,8,2,FALSE,TRUE,FALSE,FALSE,AW
12/10/23,NJD,EDM,EDM,NJD,,11,12,1,14,10,1,TRUE,FALSE,FALSE,FALSE,HW
12/10/23,WSH,CHI,WSH,CHI,,9,16,1,13,8,3,FALSE,TRUE,FALSE,FALSE,AW
12/10/23,NSH,MTL,NSH,MTL,,12,14,1,14,13,0,FALSE,TRUE,FALSE,FALSE,AW
12/10/23,LAK,NYR,NYR,LAK,,18,6,1,16,5,3,TRUE,FALSE,FALSE,FALSE,HW
12/10/23,WPG,ANA,WPG,ANA,,10,16,0,15,9,1,FALSE,TRUE,FALSE,FALSE,AW
12/10/23,MIN,SEA,MIN,SEA,,8,13,7,9,12,4,FALSE,TRUE,FALSE,FALSE,AW
12/10/23,SJS,VGK,VGK,,SJS,18,5,5,8,18,1,FALSE,FALSE,TRUE,FALSE,HS
12/11/23,ARI,BUF,BUF,ARI,,11,14,3,13,11,2,TRUE,FALSE,FALSE,FALSE,HW
12/11/23,TOR,NYI,NYI,,TOR,12,7,7,14,6,4,FALSE,FALSE,TRUE,FALSE,HS
12/11/23,DET,DAL,DAL,DET,,15,8,3,14,8,4,TRUE,FALSE,FALSE,FALSE,HW
12/11/23,CGY,COL,COL,CGY,,16,9,2,11,13,3,TRUE,FALSE,FALSE,FALSE,HW
12/12/23,TOR,NYR,TOR,NYR,,19,6,1,14,6,5,FALSE,TRUE,FALSE,FALSE,AW
12/12/23,CAR,OTT,CAR,OTT,,11,11,0,14,12,1,FALSE,TRUE,FALSE,FALSE,AW
12/12/23,ARI,PIT,PIT,ARI,,11,12,3,13,12,2,TRUE,FALSE,FALSE,FALSE,HW
12/12/23,PHI,NSH,NSH,,PHI,15,13,0,15,9,3,FALSE,FALSE,TRUE,FALSE,HS
12/12/23,DET,STL,DET,STL,,13,13,1,14,9,4,FALSE,TRUE,FALSE,FALSE,AW
12/12/23,CHI,EDM,EDM,CHI,,12,12,1,9,17,1,TRUE,FALSE,FALSE,FALSE,HW
12/12/23,FLA,SEA,SEA,FLA,,8,14,7,17,8,2,TRUE,FALSE,FALSE,FALSE,HW
12/12/23,TBL,VAN,VAN,TBL,,18,9,1,13,11,5,TRUE,FALSE,FALSE,FALSE,HW
12/12/23,CGY,VGK,VGK,CGY,,19,5,5,11,14,3,TRUE,FALSE,FALSE,FALSE,HW
12/12/23,WPG,SJS,SJS,WPG,,8,18,2,16,9,1,TRUE,FALSE,FALSE,FALSE,HW
12/13/23,PIT,MTL,PIT,,MTL,12,15,1,12,12,3,FALSE,FALSE,FALSE,TRUE,AS
12/13/23,BOS,NJD,NJD,BOS,,14,11,1,18,6,2,TRUE,FALSE,FALSE,FALSE,HW
12/13/23,ANA,NYI,NYI,ANA,,13,7,7,10,17,0,TRUE,FALSE,FALSE,FALSE,HW
12/13/23,BUF,COL,COL,BUF,,17,9,2,12,14,3,TRUE,FALSE,FALSE,FALSE,HW
12/13/23,WPG,LAK,WPG,LAK,,16,6,3,16,10,1,FALSE,TRUE,FALSE,FALSE,AW
12/14/23,CAR,DET,CAR,DET,,15,9,4,15,12,1,FALSE,TRUE,FALSE,FALSE,AW
12/14/23,WSH,PHI,PHI,,WSH,15,9,4,14,8,3,FALSE,FALSE,TRUE,FALSE,HS
12/14/23,CBJ,TOR,CBJ,,TOR,15,6,5,9,18,3,FALSE,FALSE,FALSE,TRUE,AS
12/14/23,CGY,MIN,MIN,,CGY,10,12,4,11,15,3,FALSE,FALSE,TRUE,FALSE,HS
12/14/23,OTT,STL,STL,OTT,,13,14,1,11,12,0,TRUE,FALSE,FALSE,FALSE,HW
12/14/23,TBL,EDM,TBL,EDM,,13,12,1,13,12,5,FALSE,TRUE,FALSE,FALSE,AW
12/14/23,CHI,SEA,SEA,CHI,,9,14,7,9,18,1,TRUE,FALSE,FALSE,FALSE,HW
12/14/23,FLA,VAN,VAN,FLA,,19,9,1,17,9,2,TRUE,FALSE,FALSE,FALSE,HW
12/15/23,NSH,CAR,NSH,,CAR,16,12,1,16,13,0,FALSE,FALSE,FALSE,TRUE,AS
12/15/23,ANA,NYR,NYR,ANA,,19,7,1,10,18,0,TRUE,FALSE,FALSE,FALSE,HW
12/15/23,BOS,NYI,BOS,,NYI,14,7,7,18,7,2,FALSE,FALSE,FALSE,TRUE,AS
12/15/23,OTT,DAL,DAL,OTT,,16,8,3,11,13,0,TRUE,FALSE,FALSE,FALSE,HW
12/15/23,SJS,ARI,ARI,SJS,,13,13,2,9,18,2,TRUE,FALSE,FALSE,FALSE,HW
12/15/23,BUF,VGK,BUF,VGK,,20,5,5,12,15,3,FALSE,TRUE,FALSE,FALSE,AW
12/16/23,VAN,MIN,MIN,,VAN,11,12,4,20,9,1,FALSE,FALSE,TRUE,FALSE,HS
12/16/23,NYR,BOS,NYR,,BOS,19,7,2,20,7,1,FALSE,FALSE,FALSE,TRUE,AS
12/16/23,NJD,CBJ,NJD,CBJ,,10,18,3,15,11,1,FALSE,TRUE,FALSE,FALSE,AW
12/16/23,NYI,MTL,MTL,NYI,,12,15,2,14,7,8,TRUE,FALSE,FALSE,FALSE,HW
12/16/23,DET,PHI,PHI,DET,,16,9,4,15,10,4,TRUE,FALSE,FALSE,FALSE,HW
12/16/23,PIT,TOR,TOR,PIT,,15,6,6,13,12,3,TRUE,FALSE,FALSE,FALSE,HW
12/16/23,COL,WPG,WPG,COL,,17,10,1,18,9,2,TRUE,FALSE,FALSE,FALSE,HW
12/16/23,WSH,NSH,NSH,WSH,,17,13,0,14,8,4,TRUE,FALSE,FALSE,FALSE,HW
12/16/23,DAL,STL,STL,,DAL,14,14,1,17,8,3,FALSE,FALSE,TRUE,FALSE,HS
12/16/23,BUF,ARI,ARI,BUF,,14,13,2,13,15,3,TRUE,FALSE,FALSE,FALSE,HW
12/16/23,TBL,CGY,CGY,TBL,,11,15,4,14,12,5,TRUE,FALSE,FALSE,FALSE,HW
12/16/23,FLA,EDM,FLA,EDM,,13,13,1,17,10,2,FALSE,TRUE,FALSE,FALSE,AW
12/16/23,LAK,SEA,LAK,,SEA,10,14,7,16,7,3,FALSE,FALSE,FALSE,TRUE,AS
12/17/23,VAN,CHI,VAN,CHI,,9,19,1,20,9,2,FALSE,TRUE,FALSE,FALSE,AW
12/17/23,WSH,CAR,WSH,,CAR,16,12,2,14,9,4,FALSE,FALSE,FALSE,TRUE,AS
12/17/23,ANA,NJD,ANA,NJD,,16,11,1,10,19,0,FALSE,TRUE,FALSE,FALSE,AW
12/17/23,SJS,COL,COL,SJS,,18,10,2,9,19,2,TRUE,FALSE,FALSE,FALSE,HW
12/17/23,OTT,VGK,VGK,OTT,,20,6,5,11,14,0,TRUE,FALSE,FALSE,FALSE,HW
12/18/23,ANA,DET,ANA,DET,,15,11,4,11,19,0,FALSE,TRUE,FALSE,FALSE,AW
12/18/23,MIN,PIT,PIT,MIN,,13,13,3,12,12,4,TRUE,FALSE,FALSE,FALSE,HW
12/18/23,MTL,WPG,MTL,,WPG,18,10,1,13,15,2,FALSE,FALSE,FALSE,TRUE,AS
12/18/23,SEA,DAL,DAL,,SEA,17,8,4,10,14,8,FALSE,FALSE,TRUE,FALSE,HS
12/18/23,FLA,CGY,CGY,FLA,,12,15,4,18,10,2,TRUE,FALSE,FALSE,FALSE,HW
12/19/23,MIN,BOS,MIN,,BOS,19,7,3,12,13,4,FALSE,FALSE,FALSE,TRUE,AS
12/19/23,CBJ,BUF,CBJ,BUF,,13,16,3,10,19,3,FALSE,TRUE,FALSE,FALSE,AW
12/19/23,VGK,CAR,CAR,VGK,,16,12,3,21,6,5,TRUE,FALSE,FALSE,FALSE,HW
12/19/23,PHI,NJD,PHI,,NJD,16,12,1,17,9,4,FALSE,FALSE,FALSE,TRUE,AS
12/19/23,STL,TBL,TBL,STL,,14,13,5,15,14,1,TRUE,FALSE,FALSE,FALSE,HW
12/19/23,NYR,TOR,NYR,TOR,,16,6,6,21,7,1,FALSE,TRUE,FALSE,FALSE,AW
12/19/23,EDM,NYI,NYI,EDM,,14,8,8,13,14,1,TRUE,FALSE,FALSE,FALSE,HW
12/19/23,VAN,NSH,VAN,NSH,,18,13,0,21,9,2,FALSE,TRUE,FALSE,FALSE,AW
12/19/23,COL,CHI,CHI,COL,,9,20,1,19,10,2,TRUE,FALSE,FALSE,FALSE,HW
12/19/23,OTT,ARI,ARI,OTT,,15,13,2,11,15,0,TRUE,FALSE,FALSE,FALSE,HW
12/19/23,LAK,SJS,LAK,SJS,,9,20,2,17,7,3,FALSE,TRUE,FALSE,FALSE,AW
12/20/23,DET,WPG,WPG,DET,,18,10,2,15,12,4,TRUE,FALSE,FALSE,FALSE,HW
12/20/23,NYI,WSH,WSH,,NYI,15,9,4,15,8,8,FALSE,FALSE,TRUE,FALSE,HS
12/20/23,SEA,LAK,SEA,LAK,,18,7,3,10,14,9,FALSE,TRUE,FALSE,FALSE,AW
12/21/23,TOR,BUF,BUF,TOR,,13,17,3,16,7,6,TRUE,FALSE,FALSE,FALSE,HW
12/21/23,WSH,CBJ,WSH,,CBJ,11,19,3,16,9,4,FALSE,FALSE,FALSE,TRUE,AS
12/21/23,STL,FLA,STL,FLA,,18,11,2,15,15,1,FALSE,TRUE,FALSE,FALSE,AW
12/21/23,EDM,NJD,EDM,NJD,,16,12,2,13,15,1,FALSE,TRUE,FALSE,FALSE,AW
12/21/23,NSH,PHI,NSH,PHI,,18,9,4,18,14,0,FALSE,TRUE,FALSE,FALSE,AW
12/21/23,CAR,PIT,PIT,,CAR,14,13,3,17,12,3,FALSE,FALSE,TRUE,FALSE,HS
12/21/23,VGK,TBL,TBL,VGK,,15,13,5,21,7,5,TRUE,FALSE,FALSE,FALSE,HW
12/21/23,VAN,DAL,DAL,,VAN,18,8,4,22,9,2,FALSE,FALSE,TRUE,FALSE,HS
12/21/23,MTL,MIN,MIN,MTL,,13,13,4,14,15,2,TRUE,FALSE,FALSE,FALSE,HW
12/21/23,OTT,COL,COL,OTT,,19,11,2,11,16,0,TRUE,FALSE,FALSE,FALSE,HW
12/21/23,CGY,ANA,CGY,ANA,,12,19,0,13,15,4,FALSE,TRUE,FALSE,FALSE,AW
12/21/23,ARI,SJS,ARI,SJS,,9,21,2,16,13,2,FALSE,TRUE,FALSE,FALSE,AW
12/22/23,PHI,DET,DET,,PHI,15,13,4,18,10,4,FALSE,FALSE,TRUE,FALSE,HS
12/22/23,EDM,NYR,EDM,NYR,,22,7,1,14,15,1,FALSE,TRUE,FALSE,FALSE,AW
12/22/23,BOS,WPG,WPG,BOS,,19,10,2,19,7,4,TRUE,FALSE,FALSE,FALSE,HW
12/22/23,MTL,CHI,MTL,CHI,,10,20,1,14,16,2,FALSE,TRUE,FALSE,FALSE,AW
12/23/23,VGK,FLA,FLA,VGK,,18,12,2,21,8,5,TRUE,FALSE,FALSE,FALSE,HW
12/23/23,DAL,NSH,DAL,NSH,,19,14,0,19,8,4,FALSE,TRUE,FALSE,FALSE,AW
12/23/23,NYI,CAR,NYI,CAR,,17,12,4,15,8,9,FALSE,TRUE,FALSE,FALSE,AW
12/23/23,TOR,CBJ,TOR,CBJ,,11,19,4,16,8,6,FALSE,TRUE,FALSE,FALSE,AW
12/23/23,BOS,MIN,MIN,BOS,,14,13,4,19,8,4,TRUE,FALSE,FALSE,FALSE,HW
12/23/23,DET,NJD,NJD,DET,,16,13,2,16,13,4,TRUE,FALSE,FALSE,FALSE,HW
12/23/23,PIT,OTT,OTT,,PIT,11,17,0,15,13,3,FALSE,FALSE,TRUE,FALSE,HS
12/23/23,TBL,WSH,TBL,,WSH,17,9,4,16,13,5,FALSE,FALSE,FALSE,TRUE,AS
12/23/23,BUF,NYR,NYR,,BUF,22,8,1,14,17,3,FALSE,FALSE,TRUE,FALSE,HS
12/23/23,SEA,ANA,SEA,ANA,,12,20,0,11,14,9,FALSE,TRUE,FALSE,FALSE,AW
12/23/23,CHI,STL,STL,CHI,,16,15,1,10,21,1,TRUE,FALSE,FALSE,FALSE,HW
12/23/23,ARI,COL,COL,ARI,,20,11,2,17,13,2,TRUE,FALSE,FALSE,FALSE,HW
12/23/23,CGY,LAK,LAK,CGY,,18,8,3,14,15,4,TRUE,FALSE,FALSE,FALSE,HW
12/23/23,SJS,VAN,VAN,SJS,,22,9,3,9,22,2,TRUE,FALSE,FALSE,FALSE,HW
12/27/23,CBJ,NJD,NJD,,CBJ,17,13,2,11,20,4,FALSE,FALSE,TRUE,FALSE,HS
12/27/23,WSH,NYR,NYR,WSH,,23,8,1,17,9,5,TRUE,FALSE,FALSE,FALSE,HW
12/27/23,FLA,TBL,FLA,TBL,,17,13,5,19,12,2,FALSE,TRUE,FALSE,FALSE,AW
12/27/23,OTT,TOR,OTT,TOR,,17,8,6,12,17,0,FALSE,TRUE,FALSE,FALSE,AW
12/27/23,BOS,BUF,BOS,BUF,,14,17,4,19,9,4,FALSE,TRUE,FALSE,FALSE,AW
12/27/23,PIT,NYI,PIT,NYI,,16,8,9,15,13,4,FALSE,TRUE,FALSE,FALSE,AW
12/27/23,DET,MIN,MIN,DET,,15,13,4,16,14,4,TRUE,FALSE,FALSE,FALSE,HW
12/27/23,CAR,NSH,CAR,NSH,,19,15,0,17,13,4,FALSE,TRUE,FALSE,FALSE,AW
12/27/23,DAL,STL,STL,DAL,,17,15,1,20,8,4,TRUE,FALSE,FALSE,FALSE,HW
12/27/23,COL,ARI,ARI,,COL,17,14,2,21,11,2,FALSE,FALSE,TRUE,FALSE,HS
12/27/23,WPG,CHI,CHI,,WPG,10,22,1,20,10,2,FALSE,FALSE,TRUE,FALSE,HS
12/27/23,SEA,CGY,SEA,CGY,,14,16,4,12,14,9,FALSE,TRUE,FALSE,FALSE,AW
12/27/23,VGK,ANA,ANA,VGK,,12,21,0,21,9,5,TRUE,FALSE,FALSE,FALSE,HW
12/27/23,SJS,LAK,LAK,SJS,,19,8,3,9,23,2,TRUE,FALSE,FALSE,FALSE,HW
12/28/23,MTL,CAR,CAR,MTL,,18,13,4,15,16,2,TRUE,FALSE,FALSE,FALSE,HW
12/28/23,PHI,VAN,PHI,VAN,,23,9,3,18,10,5,FALSE,TRUE,FALSE,FALSE,AW
12/28/23,LAK,VGK,VGK,LAK,,21,10,5,20,8,3,TRUE,FALSE,FALSE,FALSE,HW
12/28/23,EDM,SJS,EDM,SJS,,9,24,2,15,15,1,FALSE,TRUE,FALSE,FALSE,AW
12/29/23,TOR,CBJ,CBJ,,TOR,11,20,5,17,9,6,FALSE,FALSE,TRUE,FALSE,HS
12/29/23,NSH,DET,DET,,NSH,16,15,4,19,16,0,FALSE,FALSE,TRUE,FALSE,HS
12/29/23,NYR,FLA,FLA,NYR,,20,12,2,24,8,1,TRUE,FALSE,FALSE,FALSE,HW
12/29/23,NJD,OTT,NJD,OTT,,13,17,0,18,13,2,FALSE,TRUE,FALSE,FALSE,AW
12/29/23,WSH,NYI,NYI,WSH,,16,9,9,17,10,5,TRUE,FALSE,FALSE,FALSE,HW
12/29/23,CHI,DAL,DAL,,CHI,20,9,4,11,22,1,FALSE,FALSE,TRUE,FALSE,HS
12/29/23,COL,STL,COL,STL,,18,15,1,21,11,3,FALSE,TRUE,FALSE,FALSE,AW
12/29/23,ARI,ANA,ARI,ANA,,13,21,0,18,14,2,FALSE,TRUE,FALSE,FALSE,AW
12/29/23,PHI,SEA,SEA,,PHI,13,14,9,19,10,5,FALSE,FALSE,TRUE,FALSE,HS
12/30/23,MIN,WPG,WPG,MIN,,20,10,3,16,13,4,TRUE,FALSE,FALSE,FALSE,HW
12/30/23,CBJ,BUF,BUF,,CBJ,14,18,4,12,20,5,FALSE,FALSE,TRUE,FALSE,HS
12/30/23,NJD,BOS,BOS,NJD,,20,9,4,19,13,2,TRUE,FALSE,FALSE,FALSE,HW
12/30/23,MTL,FLA,FLA,MTL,,21,12,2,15,17,2,TRUE,FALSE,FALSE,FALSE,HW
12/30/23,STL,PIT,PIT,STL,,16,13,4,18,16,1,TRUE,FALSE,FALSE,FALSE,HW
12/30/23,NYR,TBL,NYR,TBL,,17,14,5,24,9,1,FALSE,TRUE,FALSE,FALSE,AW
12/30/23,CAR,TOR,CAR,TOR,,17,9,7,19,13,4,FALSE,TRUE,FALSE,FALSE,AW
12/30/23,NSH,WSH,NSH,,WSH,17,11,5,19,16,1,FALSE,FALSE,FALSE,TRUE,AS
12/30/23,EDM,LAK,EDM,,LAK,20,9,3,16,15,1,FALSE,FALSE,FALSE,TRUE,AS
12/31/23,WPG,MIN,WPG,MIN,,16,14,4,21,10,3,FALSE,TRUE,FALSE,FALSE,AW
12/31/23,BOS,DET,BOS,DET,,17,15,4,21,9,4,FALSE,TRUE,FALSE,FALSE,AW
12/31/23,BUF,OTT,OTT,BUF,,13,18,0,15,18,4,TRUE,FALSE,FALSE,FALSE,HW
12/31/23,NYI,PIT,PIT,NYI,,17,13,4,17,9,9,TRUE,FALSE,FALSE,FALSE,HW
12/31/23,MTL,TBL,TBL,MTL,,17,15,5,15,18,2,TRUE,FALSE,FALSE,FALSE,HW
12/31/23,EDM,ANA,EDM,ANA,,13,22,0,17,15,1,FALSE,TRUE,FALSE,FALSE,AW
12/31/23,PHI,CGY,CGY,PHI,,14,17,4,19,10,6,TRUE,FALSE,FALSE,FALSE,HW
12/31/23,SJS,COL,COL,SJS,,22,11,3,9,25,2,TRUE,FALSE,FALSE,FALSE,HW
12/31/23,CHI,DAL,DAL,CHI,,21,9,4,11,22,2,TRUE,FALSE,FALSE,FALSE,HW
1/1/24,VGK,SEA,SEA,VGK,,14,14,9,22,10,5,TRUE,FALSE,FALSE,FALSE,HW
1/2/24,BOS,CBJ,BOS,CBJ,,12,20,6,22,9,4,FALSE,TRUE,FALSE,FALSE,AW
1/2/24,CAR,NYR,CAR,NYR,,25,9,1,20,13,4,FALSE,TRUE,FALSE,FALSE,AW
1/2/24,WSH,PIT,WSH,PIT,,18,13,4,17,11,6,FALSE,TRUE,FALSE,FALSE,AW
1/2/24,MTL,DAL,MTL,DAL,,22,9,4,15,19,2,FALSE,TRUE,FALSE,FALSE,AW
1/2/24,CGY,MIN,CGY,MIN,,16,15,4,15,17,4,FALSE,TRUE,FALSE,FALSE,AW
1/2/24,CHI,NSH,NSH,CHI,,20,16,1,11,23,2,TRUE,FALSE,FALSE,FALSE,HW
1/2/24,TBL,WPG,WPG,TBL,,22,10,3,18,15,5,TRUE,FALSE,FALSE,FALSE,HW
1/2/24,FLA,ARI,FLA,ARI,,19,14,2,22,12,2,FALSE,TRUE,FALSE,FALSE,AW
1/2/24,NYI,COL,COL,,NYI,23,11,3,17,10,9,FALSE,FALSE,TRUE,FALSE,HS
1/2/24,PHI,EDM,EDM,PHI,,18,15,1,19,11,6,TRUE,FALSE,FALSE,FALSE,HW
1/2/24,OTT,VAN,VAN,OTT,,23,10,3,14,18,0,TRUE,FALSE,FALSE,FALSE,HW
1/2/24,TOR,LAK,TOR,LAK,,20,9,4,17,10,7,FALSE,TRUE,FALSE,FALSE,AW
1/2/24,DET,SJS,DET,SJS,,9,26,2,17,16,4,FALSE,TRUE,FALSE,FALSE,AW
1/3/24,NJD,WSH,NJD,WSH,,18,11,6,19,14,2,FALSE,TRUE,FALSE,FALSE,AW
1/3/24,TOR,ANA,TOR,,ANA,13,23,0,18,10,7,FALSE,FALSE,FALSE,TRUE,AS
1/4/24,PIT,BOS,PIT,BOS,,23,9,4,18,14,4,FALSE,TRUE,FALSE,FALSE,AW
1/4/24,BUF,MTL,BUF,MTL,,16,19,2,15,19,4,FALSE,TRUE,FALSE,FALSE,AW
1/4/24,CHI,NYR,NYR,CHI,,25,10,1,11,24,2,TRUE,FALSE,FALSE,FALSE,HW
1/4/24,CBJ,PHI,CBJ,,PHI,19,12,6,12,21,6,FALSE,FALSE,FALSE,TRUE,AS
1/4/24,COL,DAL,COL,,DAL,22,10,4,24,11,3,FALSE,FALSE,FALSE,TRUE,AS
1/4/24,TBL,MIN,TBL,MIN,,16,16,4,18,16,5,FALSE,TRUE,FALSE,FALSE,AW
1/4/24,CGY,NSH,CGY,NSH,,21,16,1,16,17,4,FALSE,TRUE,FALSE,FALSE,AW
1/4/24,VAN,STL,STL,VAN,,18,17,1,24,10,3,TRUE,FALSE,FALSE,FALSE,HW
1/4/24,NYI,ARI,NYI,ARI,,19,15,2,17,10,10,FALSE,TRUE,FALSE,FALSE,AW
1/4/24,OTT,SEA,SEA,OTT,,15,14,9,14,19,0,TRUE,FALSE,FALSE,FALSE,HW
1/4/24,FLA,VGK,FLA,VGK,,22,11,5,23,12,2,FALSE,TRUE,FALSE,FALSE,AW
1/4/24,DET,LAK,DET,,LAK,20,10,4,18,16,4,FALSE,FALSE,FALSE,TRUE,AS
1/4/24,WPG,SJS,WPG,SJS,,9,27,2,23,10,3,FALSE,TRUE,FALSE,FALSE,AW
1/5/24,CHI,NJD,NJD,CHI,,20,14,2,11,25,2,TRUE,FALSE,FALSE,FALSE,HW
1/5/24,CAR,WSH,CAR,WSH,,18,12,6,21,13,4,FALSE,TRUE,FALSE,FALSE,AW
1/5/24,WPG,ANA,WPG,ANA,,13,23,1,24,10,3,FALSE,TRUE,FALSE,FALSE,AW
1/6/24,CGY,PHI,CGY,PHI,,19,12,7,17,17,4,FALSE,TRUE,FALSE,FALSE,AW
1/6/24,FLA,COL,FLA,COL,,25,11,3,24,12,2,FALSE,TRUE,FALSE,FALSE,AW
1/6/24,TBL,BOS,BOS,TBL,,23,10,4,19,16,5,TRUE,FALSE,FALSE,FALSE,HW
1/6/24,STL,CAR,STL,,CAR,22,13,4,19,17,1,FALSE,FALSE,FALSE,TRUE,AS
1/6/24,MIN,CBJ,MIN,CBJ,,13,21,6,16,17,4,FALSE,TRUE,FALSE,FALSE,AW
1/6/24,NYR,MTL,MTL,,NYR,16,20,2,26,10,1,FALSE,FALSE,TRUE,FALSE,HS
1/6/24,VAN,NJD,VAN,NJD,,21,14,2,24,11,3,FALSE,TRUE,FALSE,FALSE,AW
1/6/24,BUF,PIT,BUF,PIT,,19,14,4,16,19,4,FALSE,TRUE,FALSE,FALSE,AW
1/6/24,TOR,SJS,TOR,SJS,,9,28,2,19,10,7,FALSE,TRUE,FALSE,FALSE,AW
1/6/24,NSH,DAL,NSH,DAL,,22,10,5,21,17,1,FALSE,TRUE,FALSE,FALSE,AW
1/6/24,OTT,EDM,EDM,OTT,,19,15,1,14,20,0,TRUE,FALSE,FALSE,FALSE,HW
1/6/24,NYI,VGK,VGK,NYI,,22,12,5,18,10,10,TRUE,FALSE,FALSE,FALSE,HW
1/7/24,CGY,CHI,CHI,CGY,,11,26,2,18,17,4,TRUE,FALSE,FALSE,FALSE,HW
1/7/24,LAK,WSH,WSH,LAK,,18,13,6,20,10,5,TRUE,FALSE,FALSE,FALSE,HW
1/7/24,WPG,ARI,WPG,ARI,,19,16,2,25,10,3,FALSE,TRUE,FALSE,FALSE,AW
1/7/24,DET,ANA,DET,ANA,,13,24,1,19,16,4,FALSE,TRUE,FALSE,FALSE,AW
1/8/24,VAN,NYR,VAN,NYR,,26,10,2,25,11,3,FALSE,TRUE,FALSE,FALSE,AW
1/8/24,PIT,PHI,PIT,PHI,,19,13,7,19,15,4,FALSE,TRUE,FALSE,FALSE,AW
1/8/24,DAL,MIN,DAL,MIN,,17,17,4,22,11,5,FALSE,TRUE,FALSE,FALSE,AW
1/8/24,BOS,COL,COL,,BOS,25,12,3,24,10,4,FALSE,FALSE,TRUE,FALSE,HS
1/9/24,SEA,BUF,SEA,BUF,,17,19,4,16,14,9,FALSE,TRUE,FALSE,FALSE,AW
1/9/24,LAK,TBL,TBL,,LAK,19,17,5,20,11,5,FALSE,FALSE,TRUE,FALSE,HS
1/9/24,SJS,TOR,TOR,SJS,,20,10,7,9,29,2,TRUE,FALSE,FALSE,FALSE,HW
1/9/24,VAN,NYI,VAN,NYI,,18,11,10,26,11,3,FALSE,TRUE,FALSE,FALSE,AW
1/9/24,ANA,NSH,ANA,NSH,,22,17,1,13,25,1,FALSE,TRUE,FALSE,FALSE,AW
1/9/24,FLA,STL,FLA,STL,,20,17,1,25,12,2,FALSE,TRUE,FALSE,FALSE,AW
1/9/24,CBJ,WPG,WPG,CBJ,,26,10,3,13,22,6,TRUE,FALSE,FALSE,FALSE,HW
1/9/24,EDM,CHI,EDM,CHI,,12,26,2,20,15,1,FALSE,TRUE,FALSE,FALSE,AW
1/9/24,BOS,ARI,ARI,,BOS,19,17,2,24,10,5,FALSE,FALSE,TRUE,FALSE,HS
1/9/24,OTT,CGY,CGY,OTT,,18,18,4,14,21,0,TRUE,FALSE,FALSE,FALSE,HW
1/10/24,MTL,PHI,PHI,,MTL,19,14,7,17,20,2,FALSE,FALSE,TRUE,FALSE,HS
1/10/24,MIN,DAL,DAL,MIN,,23,11,5,17,18,4,TRUE,FALSE,FALSE,FALSE,HW
1/10/24,VGK,COL,COL,VGK,,26,12,3,23,12,5,TRUE,FALSE,FALSE,FALSE,HW
1/11/24,OTT,BUF,BUF,OTT,,17,20,4,14,22,0,TRUE,FALSE,FALSE,FALSE,HW
1/11/24,ANA,CAR,CAR,ANA,,22,13,5,14,25,1,TRUE,FALSE,FALSE,FALSE,HW
1/11/24,EDM,DET,EDM,,DET,20,16,4,21,15,1,FALSE,FALSE,FALSE,TRUE,AS
1/11/24,LAK,FLA,FLA,,LAK,26,12,2,20,11,6,FALSE,FALSE,TRUE,FALSE,HS
1/11/24,SJS,MTL,SJS,MTL,,17,20,3,9,30,2,FALSE,TRUE,FALSE,FALSE,AW
1/11/24,VAN,PIT,VAN,,PIT,20,15,4,27,11,3,FALSE,FALSE,FALSE,TRUE,AS
1/11/24,NJD,TBL,TBL,,NJD,20,17,5,21,15,2,FALSE,FALSE,TRUE,FALSE,HS
1/11/24,SEA,WSH,SEA,WSH,,19,13,6,17,14,9,FALSE,TRUE,FALSE,FALSE,AW
1/11/24,TOR,NYI,NYI,,TOR,18,12,10,21,10,7,FALSE,FALSE,TRUE,FALSE,HS
1/11/24,NYR,STL,STL,NYR,,20,18,1,26,11,2,TRUE,FALSE,FALSE,FALSE,HW
1/11/24,CHI,WPG,WPG,CHI,,27,10,3,12,27,2,TRUE,FALSE,FALSE,FALSE,HW
1/11/24,CGY,ARI,CGY,ARI,,20,17,2,19,18,4,FALSE,TRUE,FALSE,FALSE,AW
1/11/24,BOS,VGK,VGK,,BOS,23,13,5,24,10,6,FALSE,FALSE,TRUE,FALSE,HS
1/12/24,NSH,DAL,NSH,DAL,,24,11,5,22,18,1,FALSE,TRUE,FALSE,FALSE,AW
1/12/24,PHI,MIN,PHI,,MIN,17,19,4,20,14,7,FALSE,FALSE,FALSE,TRUE,AS
1/13/24,NYR,WSH,WSH,NYR,,19,14,6,26,12,2,TRUE,FALSE,FALSE,FALSE,HW
1/13/24,VAN,BUF,VAN,BUF,,18,20,4,28,11,3,FALSE,TRUE,FALSE,FALSE,AW
1/13/24,SJS,OTT,OTT,SJS,,14,23,0,10,30,2,TRUE,FALSE,FALSE,FALSE,HW
1/13/24,NJD,FLA,NJD,FLA,,27,12,2,21,15,3,FALSE,TRUE,FALSE,FALSE,AW
1/13/24,PIT,CAR,CAR,,PIT,23,13,5,20,15,5,FALSE,FALSE,TRUE,FALSE,HS
1/13/24,SEA,CBJ,SEA,CBJ,,13,23,6,18,14,9,FALSE,TRUE,FALSE,FALSE,AW
1/13/24,LAK,DET,DET,LAK,,20,16,5,20,11,7,TRUE,FALSE,FALSE,FALSE,HW
1/13/24,EDM,MTL,EDM,,MTL,17,21,3,22,15,1,FALSE,FALSE,FALSE,TRUE,AS
1/13/24,ANA,TBL,TBL,ANA,,21,17,5,14,26,1,TRUE,FALSE,FALSE,FALSE,HW
1/13/24,COL,TOR,COL,TOR,,21,10,8,27,12,3,FALSE,TRUE,FALSE,FALSE,AW
1/13/24,PHI,WPG,PHI,WPG,,28,10,3,21,14,7,FALSE,TRUE,FALSE,FALSE,AW
1/13/24,DAL,CHI,DAL,CHI,,12,28,2,24,12,5,FALSE,TRUE,FALSE,FALSE,AW
1/13/24,ARI,MIN,ARI,MIN,,17,19,5,20,18,2,FALSE,TRUE,FALSE,FALSE,AW
1/13/24,NYI,NSH,NSH,NYI,,23,18,1,19,12,10,TRUE,FALSE,FALSE,FALSE,HW
1/13/24,BOS,STL,BOS,,STL,21,18,1,24,10,7,FALSE,FALSE,FALSE,TRUE,AS
1/13/24,CGY,VGK,CGY,VGK,,24,13,5,20,18,4,FALSE,TRUE,FALSE,FALSE,AW
1/14/24,WSH,NYR,NYR,WSH,,26,13,2,20,14,6,TRUE,FALSE,FALSE,FALSE,HW
1/14/24,DET,TOR,DET,TOR,,21,11,8,21,16,5,FALSE,TRUE,FALSE,FALSE,AW
1/15/24,NJD,BOS,BOS,NJD,,25,10,7,22,15,3,TRUE,FALSE,FALSE,FALSE,HW
1/15/24,SJS,BUF,BUF,SJS,,18,21,4,10,31,2,TRUE,FALSE,FALSE,FALSE,HW
1/15/24,VAN,CBJ,CBJ,,VAN,13,24,6,29,11,3,FALSE,FALSE,TRUE,FALSE,HS
1/15/24,ANA,FLA,ANA,,FLA,27,13,2,14,27,1,FALSE,FALSE,FALSE,TRUE,AS
1/15/24,LAK,CAR,LAK,CAR,,24,13,5,20,12,7,FALSE,TRUE,FALSE,FALSE,AW
1/15/24,NYI,MIN,MIN,NYI,,17,20,5,19,13,10,TRUE,FALSE,FALSE,FALSE,HW
1/15/24,SEA,PIT,PIT,SEA,,20,15,6,19,14,9,TRUE,FALSE,FALSE,FALSE,HW
1/15/24,COL,MTL,MTL,COL,,17,21,4,28,12,3,TRUE,FALSE,FALSE,FALSE,HW
1/15/24,PHI,STL,PHI,STL,,21,18,2,22,14,7,FALSE,TRUE,FALSE,FALSE,AW
1/15/24,NSH,VGK,VGK,NSH,,24,14,5,24,18,1,TRUE,FALSE,FALSE,FALSE,HW
1/16/24,SEA,NYR,NYR,SEA,,27,13,2,19,15,9,TRUE,FALSE,FALSE,FALSE,HW
1/16/24,COL,OTT,COL,OTT,,15,23,0,28,13,3,FALSE,TRUE,FALSE,FALSE,AW
1/16/24,ANA,WSH,WSH,ANA,,20,15,6,15,27,1,TRUE,FALSE,FALSE,FALSE,HW
1/16/24,LAK,DAL,DAL,LAK,,25,12,5,21,12,7,TRUE,FALSE,FALSE,FALSE,HW
1/16/24,NYI,WPG,WPG,NYI,,28,11,3,19,14,10,TRUE,FALSE,FALSE,FALSE,HW
1/16/24,SJS,CHI,CHI,,SJS,12,29,2,10,32,2,FALSE,FALSE,TRUE,FALSE,HS
1/16/24,ARI,CGY,CGY,,ARI,21,18,4,21,18,2,FALSE,FALSE,TRUE,FALSE,HS
1/16/24,TOR,EDM,EDM,TOR,,23,15,1,21,12,8,TRUE,FALSE,FALSE,FALSE,HW
1/17/24,DET,FLA,DET,,FLA,27,13,3,22,16,5,FALSE,FALSE,FALSE,TRUE,AS
1/17/24,MTL,NJD,MTL,NJD,,22,16,3,18,21,4,FALSE,TRUE,FALSE,FALSE,AW
1/17/24,CHI,BUF,BUF,CHI,,19,21,4,13,29,2,TRUE,FALSE,FALSE,FALSE,HW
1/18/24,COL,BOS,BOS,COL,,26,10,7,29,13,3,TRUE,FALSE,FALSE,FALSE,HW
1/18/24,MTL,OTT,OTT,MTL,,15,24,0,19,21,4,TRUE,FALSE,FALSE,FALSE,HW
1/18/24,DAL,PHI,PHI,DAL,,23,14,7,26,12,5,TRUE,FALSE,FALSE,FALSE,HW
1/18/24,MIN,TBL,TBL,MIN,,22,17,5,18,20,5,TRUE,FALSE,FALSE,FALSE,HW
1/18/24,STL,WSH,WSH,STL,,21,15,6,21,19,2,TRUE,FALSE,FALSE,FALSE,HW
1/18/24,TOR,CGY,TOR,CGY,,22,18,4,21,13,8,FALSE,TRUE,FALSE,FALSE,AW
1/18/24,SEA,EDM,EDM,SEA,,24,15,1,19,16,9,TRUE,FALSE,FALSE,FALSE,HW
1/18/24,NSH,LAK,NSH,LAK,,21,13,7,24,19,1,FALSE,TRUE,FALSE,FALSE,AW
1/18/24,ARI,VAN,VAN,ARI,,29,11,4,21,18,3,TRUE,FALSE,FALSE,FALSE,HW
1/18/24,NYR,VGK,VGK,NYR,,25,14,5,28,13,2,TRUE,FALSE,FALSE,FALSE,HW
1/19/24,DET,CAR,CAR,DET,,24,14,5,23,16,5,TRUE,FALSE,FALSE,FALSE,HW
1/19/24,NJD,CBJ,NJD,CBJ,,14,24,6,22,17,3,FALSE,TRUE,FALSE,FALSE,AW
1/19/24,MIN,FLA,MIN,FLA,,27,13,4,18,21,5,FALSE,TRUE,FALSE,FALSE,AW
1/19/24,NYI,CHI,CHI,,NYI,13,30,2,19,15,10,FALSE,FALSE,TRUE,FALSE,HS
1/20/24,TBL,BUF,TBL,BUF,,20,21,4,23,17,5,FALSE,TRUE,FALSE,FALSE,AW
1/20/24,COL,PHI,COL,PHI,,24,14,7,29,14,3,FALSE,TRUE,FALSE,FALSE,AW
1/20/24,NSH,ARI,ARI,NSH,,21,19,3,25,19,1,TRUE,FALSE,FALSE,FALSE,HW
1/20/24,WPG,OTT,WPG,,OTT,16,24,0,29,11,3,FALSE,FALSE,FALSE,TRUE,AS
1/20/24,MTL,BOS,BOS,MTL,,27,10,7,19,22,4,TRUE,FALSE,FALSE,FALSE,HW
1/20/24,DAL,NJD,DAL,NJD,,23,17,3,26,13,5,FALSE,TRUE,FALSE,FALSE,AW
1/20/24,TOR,VAN,VAN,TOR,,30,11,4,22,13,8,TRUE,FALSE,FALSE,FALSE,HW
1/20/24,WSH,STL,STL,WSH,,21,20,2,22,15,6,TRUE,FALSE,FALSE,FALSE,HW
1/20/24,EDM,CGY,EDM,CGY,,22,19,4,25,15,1,FALSE,TRUE,FALSE,FALSE,AW
1/20/24,ANA,SJS,SJS,ANA,,10,32,3,15,28,1,TRUE,FALSE,FALSE,FALSE,HW
1/20/24,PIT,VGK,VGK,PIT,,26,14,5,21,15,6,TRUE,FALSE,FALSE,FALSE,HW
1/20/24,NYR,LAK,LAK,NYR,,21,14,7,28,14,2,TRUE,FALSE,FALSE,FALSE,HW
1/21/24,OTT,PHI,OTT,PHI,,24,15,7,16,24,1,FALSE,TRUE,FALSE,FALSE,AW
1/21/24,MIN,CAR,MIN,CAR,,25,14,5,19,21,5,FALSE,TRUE,FALSE,FALSE,AW
1/21/24,TBL,DET,DET,TBL,,23,17,5,24,17,5,TRUE,FALSE,FALSE,FALSE,HW
1/21/24,DAL,NYI,NYI,,DAL,19,15,11,27,13,5,FALSE,FALSE,TRUE,FALSE,HS
1/21/24,NYR,ANA,NYR,ANA,,15,29,1,28,15,2,FALSE,TRUE,FALSE,FALSE,AW
1/21/24,TOR,SEA,TOR,SEA,,19,17,9,22,14,8,FALSE,TRUE,FALSE,FALSE,AW
1/22/24,WPG,BOS,BOS,WPG,,28,10,7,30,11,3,TRUE,FALSE,FALSE,FALSE,HW
1/22/24,VGK,NJD,NJD,,VGK,23,18,3,27,14,5,FALSE,FALSE,TRUE,FALSE,HS
1/22/24,FLA,NSH,FLA,NSH,,25,20,1,27,14,4,FALSE,TRUE,FALSE,FALSE,AW
1/22/24,PIT,ARI,ARI,PIT,,22,19,3,21,16,6,TRUE,FALSE,FALSE,FALSE,HW
1/22/24,CHI,VAN,VAN,CHI,,31,11,4,14,30,2,TRUE,FALSE,FALSE,FALSE,HW
1/22/24,SJS,LAK,SJS,,LAK,22,14,7,11,32,3,FALSE,FALSE,FALSE,TRUE,AS
1/23/24,DAL,DET,DAL,DET,,24,17,5,27,13,6,FALSE,TRUE,FALSE,FALSE,AW
1/23/24,OTT,MTL,OTT,MTL,,19,23,4,17,24,1,FALSE,TRUE,FALSE,FALSE,AW
1/23/24,TBL,PHI,TBL,PHI,,24,16,7,24,18,5,FALSE,TRUE,FALSE,FALSE,AW
1/23/24,VGK,NYI,VGK,NYI,,20,15,11,27,14,6,FALSE,TRUE,FALSE,FALSE,AW
1/23/24,WSH,MIN,MIN,WSH,,20,21,5,22,16,6,TRUE,FALSE,FALSE,FALSE,HW
1/23/24,STL,CGY,STL,CGY,,22,20,4,22,20,2,FALSE,TRUE,FALSE,FALSE,AW
1/23/24,CBJ,EDM,EDM,CBJ,,26,15,1,14,25,6,TRUE,FALSE,FALSE,FALSE,HW
1/23/24,BUF,ANA,ANA,BUF,,15,30,1,20,22,4,TRUE,FALSE,FALSE,FALSE,HW
1/23/24,NYR,SJS,SJS,,NYR,12,32,3,29,15,2,FALSE,FALSE,TRUE,FALSE,HS
1/24/24,ARI,FLA,FLA,ARI,,28,14,4,23,19,3,TRUE,FALSE,FALSE,FALSE,HW
1/24/24,WPG,TOR,TOR,,WPG,23,14,8,30,12,3,FALSE,FALSE,TRUE,FALSE,HS
1/24/24,CAR,BOS,CAR,BOS,,29,10,7,25,15,5,FALSE,TRUE,FALSE,FALSE,AW
1/24/24,WSH,COL,COL,WSH,,30,14,3,22,17,6,TRUE,FALSE,FALSE,FALSE,HW
1/24/24,CHI,SEA,SEA,CHI,,19,18,9,14,31,2,TRUE,FALSE,FALSE,FALSE,HW
1/24/24,STL,VAN,STL,,VAN,32,11,4,23,20,2,FALSE,FALSE,FALSE,TRUE,AS
1/24/24,BUF,LAK,BUF,LAK,,22,14,8,20,23,4,FALSE,TRUE,FALSE,FALSE,AW
1/25/24,NJD,CAR,CAR,NJD,,26,15,5,24,18,3,TRUE,FALSE,FALSE,FALSE,HW
1/25/24,PHI,DET,DET,PHI,,24,18,5,24,17,7,TRUE,FALSE,FALSE,FALSE,HW
1/25/24,NYI,MTL,MTL,NYI,,19,24,4,20,16,11,TRUE,FALSE,FALSE,FALSE,HW
1/25/24,BOS,OTT,BOS,OTT,,18,24,1,29,11,7,FALSE,TRUE,FALSE,FALSE,AW
1/25/24,ARI,TBL,TBL,ARI,,25,18,5,23,20,3,TRUE,FALSE,FALSE,FALSE,HW
1/25/24,ANA,DAL,DAL,,ANA,28,13,6,16,30,1,FALSE,FALSE,TRUE,FALSE,HS
1/25/24,NSH,MIN,NSH,MIN,,21,21,5,25,21,1,FALSE,TRUE,FALSE,FALSE,AW
1/25/24,CBJ,CGY,CBJ,CGY,,22,21,4,14,26,6,FALSE,TRUE,FALSE,FALSE,AW
1/25/24,CHI,EDM,EDM,CHI,,27,15,1,14,32,2,TRUE,FALSE,FALSE,FALSE,HW
1/26/24,VGK,NYR,VGK,NYR,,29,15,3,28,14,6,FALSE,TRUE,FALSE,FALSE,AW
1/26/24,FLA,PIT,FLA,,PIT,21,17,6,29,14,4,FALSE,FALSE,FALSE,TRUE,AS
1/26/24,LAK,COL,COL,LAK,,31,14,3,22,15,8,TRUE,FALSE,FALSE,FALSE,HW
1/26/24,STL,SEA,STL,,SEA,20,18,9,24,20,2,FALSE,FALSE,FALSE,TRUE,AS
1/27/24,BOS,PHI,BOS,PHI,,24,18,7,30,11,7,FALSE,TRUE,FALSE,FALSE,AW
1/27/24,WSH,DAL,DAL,,WSH,29,13,6,22,18,6,FALSE,FALSE,TRUE,FALSE,HS
1/27/24,NSH,EDM,EDM,NSH,,28,15,1,26,21,1,TRUE,FALSE,FALSE,FALSE,HW
1/27/24,BUF,SJS,BUF,SJS,,13,32,3,21,23,4,FALSE,TRUE,FALSE,FALSE,AW
1/27/24,ARI,CAR,CAR,ARI,,27,15,5,23,21,3,TRUE,FALSE,FALSE,FALSE,HW
1/27/24,VGK,DET,DET,VGK,,25,18,5,29,14,6,TRUE,FALSE,FALSE,FALSE,HW
1/27/24,NYR,OTT,NYR,OTT,,18,25,1,29,16,3,FALSE,TRUE,FALSE,FALSE,AW
1/27/24,MTL,PIT,PIT,,MTL,21,17,7,20,24,4,FALSE,FALSE,TRUE,FALSE,HS
1/27/24,NJD,TBL,TBL,NJD,,26,18,5,24,19,3,TRUE,FALSE,FALSE,FALSE,HW
1/27/24,TOR,WPG,TOR,WPG,,30,12,4,24,14,8,FALSE,TRUE,FALSE,FALSE,AW
1/27/24,FLA,NYI,FLA,,NYI,20,17,11,30,14,4,FALSE,FALSE,FALSE,TRUE,AS
1/27/24,ANA,MIN,ANA,MIN,,21,22,5,16,30,2,FALSE,TRUE,FALSE,FALSE,AW
1/27/24,CHI,CGY,CGY,CHI,,22,22,4,14,33,2,TRUE,FALSE,FALSE,FALSE,HW
1/27/24,CBJ,VAN,VAN,CBJ,,32,11,5,15,26,6,TRUE,FALSE,FALSE,FALSE,HW
1/28/24,LAK,STL,STL,,LAK,25,20,2,22,16,8,FALSE,FALSE,TRUE,FALSE,HS
1/28/24,CBJ,SEA,SEA,CBJ,,20,18,10,15,27,6,TRUE,FALSE,FALSE,FALSE,HW
1/29/24,NSH,OTT,OTT,,NSH,18,26,1,26,22,1,FALSE,FALSE,TRUE,FALSE,HS
1/30/24,CBJ,STL,CBJ,STL,,26,20,2,15,28,6,FALSE,TRUE,FALSE,FALSE,AW
1/30/24,SEA,SJS,SJS,SEA,,13,33,3,21,18,10,TRUE,FALSE,FALSE,FALSE,HW
1/31/24,OTT,DET,OTT,,DET,26,18,5,19,26,1,FALSE,FALSE,FALSE,TRUE,AS
1/31/24,LAK,NSH,LAK,NSH,,26,22,2,22,16,9,FALSE,TRUE,FALSE,FALSE,AW
1/31/24,SJS,ANA,ANA,,SJS,17,30,2,14,33,3,FALSE,FALSE,TRUE,FALSE,HS
2/5/24,COL,NYR,NYR,,COL,30,16,3,32,14,3,FALSE,FALSE,TRUE,FALSE,HS
2/5/24,NYI,TOR,NYI,TOR,,25,14,8,20,17,12,FALSE,TRUE,FALSE,FALSE,AW
2/6/24,CGY,BOS,CGY,BOS,,31,11,7,23,22,4,FALSE,TRUE,FALSE,FALSE,AW
2/6/24,DAL,BUF,DAL,BUF,,22,23,4,30,13,6,FALSE,TRUE,FALSE,FALSE,AW
2/6/24,VAN,CAR,VAN,CAR,,28,15,5,33,11,5,FALSE,TRUE,FALSE,FALSE,AW
2/6/24,PHI,FLA,PHI,FLA,,31,14,4,24,19,7,FALSE,TRUE,FALSE,FALSE,AW
2/6/24,COL,NJD,NJD,COL,,24,20,3,32,14,4,TRUE,FALSE,FALSE,FALSE,HW
2/6/24,WPG,PIT,PIT,WPG,,22,17,7,30,13,4,TRUE,FALSE,FALSE,FALSE,HW
2/6/24,MTL,WSH,MTL,WSH,,22,18,7,20,24,5,FALSE,TRUE,FALSE,FALSE,AW
2/6/24,EDM,VGK,VGK,EDM,,29,15,6,29,15,1,TRUE,FALSE,FALSE,FALSE,HW
2/7/24,TBL,NYR,NYR,TBL,,31,16,3,27,18,5,TRUE,FALSE,FALSE,FALSE,HW
2/7/24,DAL,TOR,TOR,DAL,,25,15,8,31,13,6,TRUE,FALSE,FALSE,FALSE,HW
2/7/24,MIN,CHI,MIN,CHI,,14,34,2,21,23,5,FALSE,TRUE,FALSE,FALSE,AW
2/8/24,VAN,BOS,BOS,VAN,,31,12,7,34,11,5,TRUE,FALSE,FALSE,FALSE,HW
2/8/24,WSH,FLA,FLA,WSH,,31,15,4,22,19,7,TRUE,FALSE,FALSE,FALSE,HW
2/8/24,CGY,NJD,CGY,NJD,,25,20,3,24,22,4,FALSE,TRUE,FALSE,FALSE,AW
2/8/24,WPG,PHI,PHI,WPG,,25,19,7,30,14,4,TRUE,FALSE,FALSE,FALSE,HW
2/8/24,TBL,NYI,NYI,TBL,,21,17,12,27,19,5,TRUE,FALSE,FALSE,FALSE,HW
2/8/24,COL,CAR,CAR,COL,,28,16,5,32,15,4,TRUE,FALSE,FALSE,FALSE,HW
2/8/24,VGK,ARI,VGK,ARI,,23,22,3,30,15,6,FALSE,TRUE,FALSE,FALSE,AW
2/9/24,PIT,MIN,MIN,PIT,,22,23,5,23,17,7,TRUE,FALSE,FALSE,FALSE,HW
2/9/24,NYR,CHI,NYR,,CHI,14,35,2,32,16,3,FALSE,FALSE,FALSE,TRUE,AS
2/9/24,EDM,ANA,EDM,ANA,,18,30,2,29,16,1,FALSE,TRUE,FALSE,FALSE,AW
2/10/24,STL,BUF,STL,BUF,,22,24,4,26,21,2,FALSE,TRUE,FALSE,FALSE,AW
2/10/24,VAN,DET,DET,,VAN,26,18,6,34,12,5,FALSE,FALSE,TRUE,FALSE,HS
2/10/24,DAL,MTL,DAL,MTL,,21,24,5,31,14,6,FALSE,TRUE,FALSE,FALSE,AW
2/10/24,CGY,NYI,CGY,NYI,,22,17,12,25,22,4,FALSE,TRUE,FALSE,FALSE,AW
2/10/24,WSH,BOS,WSH,BOS,,32,12,7,22,20,7,FALSE,TRUE,FALSE,FALSE,AW
2/10/24,COL,FLA,FLA,COL,,32,15,4,32,16,4,TRUE,FALSE,FALSE,FALSE,HW
2/10/24,NJD,CAR,CAR,,NJD,29,16,5,25,21,3,FALSE,FALSE,TRUE,FALSE,HS
2/10/24,TBL,CBJ,TBL,CBJ,,16,28,6,27,20,5,FALSE,TRUE,FALSE,FALSE,AW
2/10/24,TOR,OTT,OTT,TOR,,20,26,1,26,15,8,TRUE,FALSE,FALSE,FALSE,HW
2/10/24,SEA,PHI,PHI,SEA,,26,19,7,21,19,10,TRUE,FALSE,FALSE,FALSE,HW
2/10/24,PIT,WPG,WPG,PIT,,30,15,4,23,18,7,TRUE,FALSE,FALSE,FALSE,HW
2/10/24,ARI,NSH,NSH,,ARI,26,23,2,23,23,3,FALSE,FALSE,TRUE,FALSE,HS
2/10/24,EDM,LAK,LAK,EDM,,23,16,9,30,16,1,TRUE,FALSE,FALSE,FALSE,HW
2/11/24,STL,MTL,STL,MTL,,21,25,5,27,21,2,FALSE,TRUE,FALSE,FALSE,AW
2/11/24,VAN,WSH,VAN,,WSH,23,20,7,34,12,6,FALSE,FALSE,FALSE,TRUE,AS
2/12/24,SEA,NJD,NJD,SEA,,25,21,4,21,20,10,TRUE,FALSE,FALSE,FALSE,HW
2/12/24,CGY,NYR,NYR,CGY,,33,16,3,26,22,4,TRUE,FALSE,FALSE,FALSE,HW
2/12/24,ARI,PHI,PHI,ARI,,27,19,7,23,23,4,TRUE,FALSE,FALSE,FALSE,HW
2/12/24,MIN,VGK,MIN,VGK,,31,15,6,23,23,5,FALSE,TRUE,FALSE,FALSE,AW
2/13/24,TBL,BOS,TBL,,BOS,32,13,7,28,20,5,FALSE,FALSE,FALSE,TRUE,AS
2/13/24,LAK,BUF,BUF,LAK,,22,25,4,24,16,9,TRUE,FALSE,FALSE,FALSE,HW
2/13/24,ANA,MTL,MTL,ANA,,21,26,5,18,31,2,TRUE,FALSE,FALSE,FALSE,HW
2/13/24,CBJ,OTT,OTT,CBJ,,21,26,1,16,29,6,TRUE,FALSE,FALSE,FALSE,HW
2/13/24,STL,TOR,TOR,STL,,26,16,8,28,21,2,TRUE,FALSE,FALSE,FALSE,HW
2/13/24,COL,WSH,COL,WSH,,23,20,8,32,17,4,FALSE,TRUE,FALSE,FALSE,AW
2/13/24,SEA,NYI,SEA,,NYI,22,18,12,21,21,10,FALSE,FALSE,FALSE,TRUE,AS
2/13/24,CAR,DAL,DAL,CAR,,32,14,6,30,16,5,TRUE,FALSE,FALSE,FALSE,HW
2/13/24,NJD,NSH,NJD,NSH,,27,23,2,26,21,4,FALSE,TRUE,FALSE,FALSE,AW
2/13/24,VAN,CHI,VAN,CHI,,14,35,3,35,12,6,FALSE,TRUE,FALSE,FALSE,AW
2/13/24,DET,EDM,EDM,DET,,30,17,1,27,18,6,TRUE,FALSE,FALSE,FALSE,HW
2/14/24,FLA,PIT,FLA,PIT,,23,19,7,33,15,4,FALSE,TRUE,FALSE,FALSE,AW
2/14/24,SJS,WPG,WPG,SJS,,31,15,4,14,33,4,TRUE,FALSE,FALSE,FALSE,HW
2/14/24,MIN,ARI,MIN,ARI,,23,24,4,24,23,5,FALSE,TRUE,FALSE,FALSE,AW
2/15/24,SEA,BOS,SEA,BOS,,32,13,8,22,21,10,FALSE,TRUE,FALSE,FALSE,AW
2/15/24,FLA,BUF,FLA,BUF,,23,25,4,34,15,4,FALSE,TRUE,FALSE,FALSE,AW
2/15/24,LAK,NJD,LAK,NJD,,27,21,4,24,17,9,FALSE,TRUE,FALSE,FALSE,AW
2/15/24,MTL,NYR,NYR,MTL,,34,16,3,22,26,5,TRUE,FALSE,FALSE,FALSE,HW
2/15/24,ANA,OTT,ANA,OTT,,22,26,1,18,32,2,FALSE,TRUE,FALSE,FALSE,AW
2/15/24,COL,TBL,TBL,COL,,29,20,5,33,17,4,TRUE,FALSE,FALSE,FALSE,HW
2/15/24,PHI,TOR,TOR,,PHI,27,16,8,28,19,7,FALSE,FALSE,TRUE,FALSE,HS
2/15/24,EDM,STL,STL,EDM,,28,22,2,31,17,1,TRUE,FALSE,FALSE,FALSE,HW
2/15/24,PIT,CHI,PIT,CHI,,14,36,3,23,20,7,FALSE,TRUE,FALSE,FALSE,AW
2/15/24,SJS,CGY,SJS,CGY,,26,23,4,14,34,4,FALSE,TRUE,FALSE,FALSE,AW
2/15/24,DAL,NSH,DAL,NSH,,27,24,2,33,14,6,FALSE,TRUE,FALSE,FALSE,AW
2/15/24,DET,VAN,VAN,DET,,36,12,6,27,19,6,TRUE,FALSE,FALSE,FALSE,HW
2/16/24,CAR,ARI,CAR,ARI,,23,25,4,30,17,5,FALSE,TRUE,FALSE,FALSE,AW
2/17/24,EDM,DAL,EDM,,DAL,34,14,6,31,18,1,FALSE,FALSE,FALSE,TRUE,AS
2/17/24,OTT,CHI,CHI,OTT,,14,37,3,22,27,1,TRUE,FALSE,FALSE,FALSE,HW
2/17/24,DET,CGY,DET,CGY,,26,24,4,27,20,6,FALSE,TRUE,FALSE,FALSE,AW
2/17/24,LAK,BOS,LAK,,BOS,32,14,8,25,17,9,FALSE,FALSE,FALSE,TRUE,AS
2/17/24,BUF,MIN,BUF,,MIN,25,23,5,23,26,4,FALSE,FALSE,FALSE,TRUE,AS
2/17/24,NSH,STL,NSH,STL,,29,22,2,27,25,2,FALSE,TRUE,FALSE,FALSE,AW
2/17/24,FLA,TBL,FLA,TBL,,30,20,5,35,15,4,FALSE,TRUE,FALSE,FALSE,AW
2/17/24,WSH,MTL,WSH,MTL,,22,27,5,23,21,8,FALSE,TRUE,FALSE,FALSE,AW
2/17/24,ANA,TOR,TOR,ANA,,28,16,8,19,32,2,TRUE,FALSE,FALSE,FALSE,HW
2/17/24,PHI,NJD,NJD,PHI,,27,22,4,28,19,8,TRUE,FALSE,FALSE,FALSE,HW
2/17/24,WPG,VAN,WPG,VAN,,37,12,6,32,15,4,FALSE,TRUE,FALSE,FALSE,AW
2/17/24,CBJ,SJS,CBJ,SJS,,15,34,4,16,30,6,FALSE,TRUE,FALSE,FALSE,AW
2/17/24,CAR,VGK,CAR,VGK,,31,16,6,31,17,5,FALSE,TRUE,FALSE,FALSE,AW
2/18/24,NYR,NYI,NYR,,NYI,22,18,13,35,16,3,FALSE,FALSE,FALSE,TRUE,AS
2/18/24,ARI,COL,COL,ARI,,33,18,4,23,26,4,TRUE,FALSE,FALSE,FALSE,HW
2/18/24,LAK,PIT,LAK,PIT,,24,20,7,26,17,9,FALSE,TRUE,FALSE,FALSE,AW
2/19/24,ANA,BUF,ANA,BUF,,24,26,4,19,33,2,FALSE,TRUE,FALSE,FALSE,AW
2/19/24,DAL,BOS,BOS,,DAL,32,14,9,34,14,7,FALSE,FALSE,TRUE,FALSE,HS
2/19/24,TOR,STL,TOR,STL,,29,23,2,29,16,8,FALSE,TRUE,FALSE,FALSE,AW
2/19/24,VAN,MIN,MIN,VAN,,25,23,6,37,13,6,TRUE,FALSE,FALSE,FALSE,HW
2/19/24,DET,SEA,DET,,SEA,23,21,10,28,20,6,FALSE,FALSE,FALSE,TRUE,AS
2/19/24,EDM,ARI,EDM,ARI,,23,27,4,32,18,1,FALSE,TRUE,FALSE,FALSE,AW
2/19/24,WPG,CGY,CGY,WPG,,26,25,4,33,15,4,TRUE,FALSE,FALSE,FALSE,HW
2/19/24,VGK,SJS,VGK,SJS,,15,35,4,31,17,6,FALSE,TRUE,FALSE,FALSE,AW
2/19/24,CHI,CAR,CAR,CHI,,32,17,5,15,37,3,TRUE,FALSE,FALSE,FALSE,HW
2/19/24,OTT,TBL,OTT,TBL,,30,21,5,22,28,1,FALSE,TRUE,FALSE,FALSE,AW
2/20/24,OTT,FLA,FLA,,OTT,36,15,4,23,28,1,FALSE,FALSE,TRUE,FALSE,HS
2/20/24,DAL,NYR,NYR,DAL,,36,16,3,34,14,8,TRUE,FALSE,FALSE,FALSE,HW
2/20/24,NYI,PIT,NYI,,PIT,24,21,7,22,18,14,FALSE,FALSE,FALSE,TRUE,AS
2/20/24,NJD,WSH,WSH,NJD,,24,21,8,28,22,4,TRUE,FALSE,FALSE,FALSE,HW
2/20/24,MIN,WPG,WPG,MIN,,33,16,4,26,23,6,TRUE,FALSE,FALSE,FALSE,HW
2/20/24,VAN,COL,COL,VAN,,34,18,4,37,14,6,TRUE,FALSE,FALSE,FALSE,HW
2/20/24,NSH,VGK,NSH,VGK,,32,17,6,28,25,2,FALSE,TRUE,FALSE,FALSE,AW
2/20/24,CBJ,LAK,LAK,CBJ,,27,17,9,17,30,6,TRUE,FALSE,FALSE,FALSE,HW
2/21/24,BUF,MTL,BUF,MTL,,22,28,5,24,27,4,FALSE,TRUE,FALSE,FALSE,AW
2/21/24,PHI,CHI,PHI,CHI,,15,38,3,28,20,8,FALSE,TRUE,FALSE,FALSE,AW
2/21/24,CBJ,ANA,CBJ,ANA,,20,33,2,17,31,6,FALSE,TRUE,FALSE,FALSE,AW
2/21/24,TOR,ARI,TOR,ARI,,23,28,4,30,16,8,FALSE,TRUE,FALSE,FALSE,AW
2/21/24,BOS,EDM,BOS,EDM,,33,18,1,33,14,9,FALSE,TRUE,FALSE,FALSE,AW
2/22/24,FLA,CAR,CAR,FLA,,33,17,5,37,15,4,TRUE,FALSE,FALSE,FALSE,HW
2/22/24,COL,DET,DET,,COL,29,20,6,35,18,4,FALSE,FALSE,TRUE,FALSE,HS
2/22/24,NYR,NJD,NYR,NJD,,28,23,4,37,16,3,FALSE,TRUE,FALSE,FALSE,AW
2/22/24,DAL,OTT,OTT,DAL,,23,28,2,34,15,8,TRUE,FALSE,FALSE,FALSE,HW
2/22/24,MTL,PIT,PIT,MTL,,24,21,8,22,29,5,TRUE,FALSE,FALSE,FALSE,HW
2/22/24,WSH,TBL,WSH,TBL,,30,22,5,25,21,8,FALSE,TRUE,FALSE,FALSE,AW
2/22/24,NYI,STL,STL,NYI,,29,24,2,23,18,14,TRUE,FALSE,FALSE,FALSE,HW
2/22/24,BOS,CGY,CGY,,BOS,27,25,4,34,14,9,FALSE,FALSE,TRUE,FALSE,HS
2/22/24,VAN,SEA,SEA,VAN,,23,21,11,37,15,6,TRUE,FALSE,FALSE,FALSE,HW
2/22/24,TOR,VGK,TOR,VGK,,32,18,6,31,16,8,FALSE,TRUE,FALSE,FALSE,AW
2/22/24,NSH,LAK,NSH,LAK,,28,17,9,29,25,2,FALSE,TRUE,FALSE,FALSE,AW
2/23/24,BUF,CBJ,BUF,CBJ,,18,31,6,25,27,4,FALSE,TRUE,FALSE,FALSE,AW
2/23/24,WPG,CHI,WPG,,CHI,15,39,3,34,16,4,FALSE,FALSE,FALSE,TRUE,AS
2/23/24,MIN,EDM,MIN,EDM,,33,19,1,26,24,6,FALSE,TRUE,FALSE,FALSE,AW
2/24/24,MTL,NJD,NJD,MTL,,28,24,4,22,30,5,TRUE,FALSE,FALSE,FALSE,HW
2/24/24,TBL,NYI,TBL,NYI,,23,19,14,30,23,5,FALSE,TRUE,FALSE,FALSE,AW
2/24/24,NYR,PHI,NYR,PHI,,29,20,8,38,16,3,FALSE,TRUE,FALSE,FALSE,AW
2/24/24,WSH,FLA,FLA,,WSH,37,16,4,26,21,8,FALSE,FALSE,TRUE,FALSE,HS
2/24/24,DAL,CAR,DAL,CAR,,34,17,5,34,16,8,FALSE,TRUE,FALSE,FALSE,AW
2/24/24,TOR,COL,TOR,COL,,35,18,5,32,16,8,FALSE,TRUE,FALSE,FALSE,AW
2/24/24,STL,DET,DET,STL,,30,20,6,30,24,2,TRUE,FALSE,FALSE,FALSE,HW
2/24/24,VGK,OTT,OTT,,VGK,24,28,2,32,19,6,FALSE,FALSE,TRUE,FALSE,HS
2/24/24,BOS,VAN,VAN,,BOS,37,16,6,34,14,10,FALSE,FALSE,TRUE,FALSE,HS
2/24/24,CGY,EDM,CGY,EDM,,33,20,1,28,25,4,FALSE,TRUE,FALSE,FALSE,AW
2/24/24,MIN,SEA,MIN,SEA,,24,21,11,27,24,6,FALSE,TRUE,FALSE,FALSE,AW
2/24/24,NSH,SJS,NSH,SJS,,15,36,4,30,25,2,FALSE,TRUE,FALSE,FALSE,AW
2/24/24,ANA,LAK,LAK,,ANA,28,18,9,20,34,2,FALSE,FALSE,TRUE,FALSE,HS
2/25/24,TBL,NJD,TBL,NJD,,29,24,4,31,23,5,FALSE,TRUE,FALSE,FALSE,AW
2/25/24,PHI,PIT,PIT,PHI,,25,21,8,29,21,8,TRUE,FALSE,FALSE,FALSE,HW
2/25/24,CAR,BUF,BUF,,CAR,26,27,4,34,18,5,FALSE,FALSE,TRUE,FALSE,HS
2/25/24,NYR,CBJ,CBJ,NYR,,18,32,6,39,16,3,TRUE,FALSE,FALSE,FALSE,HW
2/25/24,DET,CHI,DET,,CHI,15,39,4,31,20,6,FALSE,FALSE,FALSE,TRUE,AS
2/25/24,ARI,WPG,WPG,,ARI,35,16,4,23,29,4,FALSE,FALSE,TRUE,FALSE,HS
2/25/24,NSH,ANA,NSH,ANA,,20,34,3,31,25,2,FALSE,TRUE,FALSE,FALSE,AW
2/26/24,OTT,WSH,WSH,OTT,,26,21,9,25,28,2,TRUE,FALSE,FALSE,FALSE,HW
2/26/24,NYI,DAL,NYI,,DAL,35,16,8,23,20,14,FALSE,FALSE,FALSE,TRUE,AS
2/26/24,LAK,EDM,EDM,LAK,,33,21,1,29,18,9,TRUE,FALSE,FALSE,FALSE,HW
2/26/24,BOS,SEA,SEA,,BOS,24,22,11,34,14,11,FALSE,FALSE,TRUE,FALSE,HS
2/27/24,WSH,DET,DET,WSH,,32,20,6,27,21,9,TRUE,FALSE,FALSE,FALSE,HW
2/27/24,BUF,FLA,FLA,BUF,,38,16,4,27,27,4,TRUE,FALSE,FALSE,FALSE,HW
2/27/24,ARI,MTL,MTL,ARI,,22,31,5,23,29,5,TRUE,FALSE,FALSE,FALSE,HW
2/27/24,TBL,PHI,PHI,TBL,,29,22,8,32,23,5,TRUE,FALSE,FALSE,FALSE,HW
2/27/24,VGK,TOR,VGK,TOR,,33,16,8,32,19,7,FALSE,TRUE,FALSE,FALSE,AW
2/27/24,CAR,MIN,CAR,MIN,,28,24,6,34,18,6,FALSE,TRUE,FALSE,FALSE,AW
2/27/24,OTT,NSH,NSH,OTT,,32,25,2,25,29,2,TRUE,FALSE,FALSE,FALSE,HW
2/27/24,STL,WPG,WPG,STL,,36,16,4,30,25,2,TRUE,FALSE,FALSE,FALSE,HW
2/27/24,LAK,CGY,CGY,LAK,,29,25,4,29,19,9,TRUE,FALSE,FALSE,FALSE,HW
2/27/24,DAL,COL,COL,DAL,,35,19,5,35,16,9,TRUE,FALSE,FALSE,FALSE,HW
2/27/24,PIT,VAN,PIT,,VAN,38,16,6,26,21,8,FALSE,FALSE,FALSE,TRUE,AS
2/27/24,NJD,SJS,NJD,SJS,,15,37,4,29,25,4,FALSE,TRUE,FALSE,FALSE,AW
2/28/24,CBJ,NYR,NYR,CBJ,,39,17,3,19,32,6,TRUE,FALSE,FALSE,FALSE,HW
2/28/24,STL,EDM,EDM,,STL,34,21,1,30,26,2,FALSE,FALSE,TRUE,FALSE,HS
2/29/24,VGK,BOS,BOS,VGK,,34,14,12,33,19,7,TRUE,FALSE,FALSE,FALSE,HW
2/29/24,CAR,CBJ,CAR,CBJ,,19,33,6,35,18,6,FALSE,TRUE,FALSE,FALSE,AW
2/29/24,NYI,DET,NYI,DET,,33,20,6,24,20,14,FALSE,TRUE,FALSE,FALSE,AW
2/29/24,MTL,FLA,FLA,,MTL,39,16,4,23,31,5,FALSE,FALSE,TRUE,FALSE,HS
2/29/24,BUF,TBL,BUF,,TBL,32,24,5,27,28,4,FALSE,FALSE,FALSE,TRUE,AS
2/29/24,ARI,TOR,TOR,ARI,,33,17,8,23,30,5,TRUE,FALSE,FALSE,FALSE,HW
2/29/24,WPG,DAL,DAL,WPG,,35,17,9,37,16,4,TRUE,FALSE,FALSE,FALSE,HW
2/29/24,MIN,NSH,NSH,MIN,,33,25,2,28,25,6,TRUE,FALSE,FALSE,FALSE,HW
2/29/24,COL,CHI,COL,CHI,,15,39,5,36,19,5,FALSE,TRUE,FALSE,FALSE,AW
2/29/24,PIT,SEA,SEA,PIT,,25,22,11,27,21,8,TRUE,FALSE,FALSE,FALSE,HW
2/29/24,LAK,VAN,LAK,VAN,,38,16,7,29,20,9,FALSE,TRUE,FALSE,FALSE,AW
2/29/24,ANA,SJS,ANA,SJS,,15,38,4,20,35,3,FALSE,TRUE,FALSE,FALSE,AW
3/1/24,ARI,OTT,ARI,OTT,,25,30,2,23,31,5,FALSE,TRUE,FALSE,FALSE,AW
3/1/24,PHI,WSH,WSH,PHI,,27,22,9,30,22,8,TRUE,FALSE,FALSE,FALSE,HW
3/1/24,NJD,ANA,ANA,NJD,,21,35,3,30,25,4,TRUE,FALSE,FALSE,FALSE,HW
3/2/24,WPG,CAR,WPG,CAR,,36,18,6,37,17,4,FALSE,TRUE,FALSE,FALSE,AW
3/2/24,BOS,NYI,NYI,BOS,,25,20,14,35,14,12,TRUE,FALSE,FALSE,FALSE,HW
3/2/24,EDM,SEA,EDM,SEA,,26,22,11,35,21,1,FALSE,TRUE,FALSE,FALSE,AW
3/2/24,COL,NSH,NSH,COL,,34,25,2,37,19,5,TRUE,FALSE,FALSE,FALSE,HW
3/2/24,VGK,BUF,BUF,VGK,,28,28,4,33,20,7,TRUE,FALSE,FALSE,FALSE,HW
3/2/24,FLA,DET,FLA,DET,,33,21,6,40,16,4,FALSE,TRUE,FALSE,FALSE,AW
3/2/24,OTT,PHI,PHI,OTT,,30,23,8,25,31,2,TRUE,FALSE,FALSE,FALSE,HW
3/2/24,MTL,TBL,TBL,,MTL,32,24,6,23,31,6,FALSE,FALSE,TRUE,FALSE,HS
3/2/24,NYR,TOR,TOR,,NYR,34,17,8,40,17,3,FALSE,FALSE,TRUE,FALSE,HS
3/2/24,CBJ,CHI,CBJ,CHI,,15,40,5,19,34,6,FALSE,TRUE,FALSE,FALSE,AW
3/2/24,SJS,DAL,DAL,,SJS,36,17,9,15,39,4,FALSE,FALSE,TRUE,FALSE,HS
3/2/24,MIN,STL,STL,MIN,,30,26,3,28,26,6,TRUE,FALSE,FALSE,FALSE,HW
3/2/24,PIT,CGY,CGY,PIT,,30,25,4,27,22,8,TRUE,FALSE,FALSE,FALSE,HW
3/3/24,ARI,WSH,ARI,WSH,,28,22,9,24,31,5,FALSE,TRUE,FALSE,FALSE,AW
3/3/24,NJD,LAK,LAK,NJD,,30,20,9,30,26,4,TRUE,FALSE,FALSE,FALSE,HW
3/3/24,WPG,BUF,WPG,BUF,,29,28,4,38,17,4,FALSE,TRUE,FALSE,FALSE,AW
3/3/24,SJS,MIN,MIN,SJS,,28,27,6,15,39,5,TRUE,FALSE,FALSE,FALSE,HW
3/3/24,VAN,ANA,VAN,ANA,,22,35,3,38,17,7,FALSE,TRUE,FALSE,FALSE,AW
3/3/24,PIT,EDM,EDM,PIT,,36,21,1,27,23,8,TRUE,FALSE,FALSE,FALSE,HW
3/4/24,VGK,CBJ,CBJ,VGK,,20,34,6,33,21,7,TRUE,FALSE,FALSE,FALSE,HW
3/4/24,FLA,NYR,FLA,NYR,,40,17,4,41,16,4,FALSE,TRUE,FALSE,FALSE,AW
3/4/24,STL,PHI,STL,,PHI,31,23,8,31,26,3,FALSE,FALSE,FALSE,TRUE,AS
3/4/24,BOS,TOR,BOS,TOR,,35,17,8,35,15,12,FALSE,TRUE,FALSE,FALSE,AW
3/4/24,CHI,COL,COL,CHI,,37,20,5,15,41,5,TRUE,FALSE,FALSE,FALSE,HW
3/4/24,SEA,CGY,SEA,CGY,,31,25,4,26,23,11,FALSE,TRUE,FALSE,FALSE,AW
3/5/24,EDM,BOS,EDM,,BOS,36,15,12,37,21,1,FALSE,FALSE,FALSE,TRUE,AS
3/5/24,FLA,NJD,FLA,NJD,,30,27,4,42,16,4,FALSE,TRUE,FALSE,FALSE,AW
3/5/24,CBJ,PIT,PIT,CBJ,,27,24,8,21,34,6,TRUE,FALSE,FALSE,FALSE,HW
3/5/24,STL,NYI,NYI,STL,,26,20,14,32,26,3,TRUE,FALSE,FALSE,FALSE,HW
3/5/24,MTL,NSH,MTL,,NSH,35,25,2,23,31,7,FALSE,FALSE,FALSE,TRUE,AS
3/5/24,SEA,WPG,SEA,WPG,,39,17,4,27,23,11,FALSE,TRUE,FALSE,FALSE,AW
3/5/24,CHI,ARI,CHI,ARI,,25,31,5,15,42,5,FALSE,TRUE,FALSE,FALSE,AW
3/5/24,VAN,LAK,VAN,,LAK,31,20,9,39,17,7,FALSE,FALSE,FALSE,TRUE,AS
3/5/24,DAL,SJS,DAL,,SJS,15,40,5,37,17,9,FALSE,FALSE,FALSE,TRUE,AS
3/6/24,BUF,TOR,TOR,,BUF,35,18,8,29,29,4,FALSE,FALSE,TRUE,FALSE,HS
3/6/24,DET,COL,COL,DET,,38,20,5,33,22,6,TRUE,FALSE,FALSE,FALSE,HW
3/6/24,OTT,ANA,ANA,OTT,,22,36,3,25,32,2,TRUE,FALSE,FALSE,FALSE,HW
3/7/24,TOR,BOS,BOS,TOR,,36,15,13,36,18,8,TRUE,FALSE,FALSE,FALSE,HW
3/7/24,MTL,CAR,CAR,MTL,,36,19,6,24,31,7,TRUE,FALSE,FALSE,FALSE,HW
3/7/24,EDM,CBJ,CBJ,EDM,,21,35,6,38,21,1,TRUE,FALSE,FALSE,FALSE,HW
3/7/24,PHI,FLA,PHI,FLA,,43,16,4,31,23,9,FALSE,TRUE,FALSE,FALSE,AW
3/7/24,STL,NJD,NJD,STL,,30,28,4,32,27,3,TRUE,FALSE,FALSE,FALSE,HW
3/7/24,WSH,PIT,WSH,PIT,,28,24,8,28,23,9,FALSE,TRUE,FALSE,FALSE,AW
3/7/24,CGY,TBL,CGY,TBL,,33,24,6,31,26,4,FALSE,TRUE,FALSE,FALSE,AW
3/7/24,BUF,NSH,NSH,BUF,,35,25,3,29,29,5,TRUE,FALSE,FALSE,FALSE,HW
3/7/24,MIN,ARI,MIN,ARI,,25,32,5,29,27,6,FALSE,TRUE,FALSE,FALSE,AW
3/7/24,VAN,VGK,VAN,VGK,,33,22,7,40,17,7,FALSE,TRUE,FALSE,FALSE,AW
3/7/24,OTT,LAK,LAK,,OTT,31,20,10,25,33,2,FALSE,FALSE,TRUE,FALSE,HS
3/7/24,NYI,SJS,NYI,SJS,,15,40,6,27,20,14,FALSE,TRUE,FALSE,FALSE,AW
3/8/24,DET,ARI,ARI,DET,,25,33,5,33,23,6,TRUE,FALSE,FALSE,FALSE,HW
3/8/24,MIN,COL,COL,,MIN,39,20,5,30,27,6,FALSE,FALSE,TRUE,FALSE,HS
3/8/24,DAL,ANA,DAL,ANA,,23,36,3,38,17,9,FALSE,TRUE,FALSE,FALSE,AW
3/8/24,WPG,SEA,WPG,SEA,,28,23,11,39,18,4,FALSE,TRUE,FALSE,FALSE,AW
3/9/24,EDM,BUF,BUF,,EDM,29,30,5,38,22,1,FALSE,FALSE,TRUE,FALSE,HS
3/9/24,NSH,CBJ,NSH,CBJ,,22,35,6,36,25,3,FALSE,TRUE,FALSE,FALSE,AW
3/9/24,CAR,NJD,CAR,NJD,,31,28,4,37,19,6,FALSE,TRUE,FALSE,FALSE,AW
3/9/24,PIT,BOS,BOS,PIT,,37,15,13,28,25,8,TRUE,FALSE,FALSE,FALSE,HW
3/9/24,CGY,FLA,FLA,CGY,,43,17,4,32,26,4,TRUE,FALSE,FALSE,FALSE,HW
3/9/24,TOR,MTL,TOR,MTL,,24,32,7,36,19,8,FALSE,TRUE,FALSE,FALSE,AW
3/9/24,OTT,SJS,SJS,OTT,,15,41,6,25,33,3,TRUE,FALSE,FALSE,FALSE,HW
3/9/24,PHI,TBL,TBL,PHI,,33,25,6,32,23,9,TRUE,FALSE,FALSE,FALSE,HW
3/9/24,CHI,WSH,WSH,CHI,,29,23,9,16,42,5,TRUE,FALSE,FALSE,FALSE,HW
3/9/24,STL,NYR,NYR,STL,,40,18,4,32,28,3,TRUE,FALSE,FALSE,FALSE,HW
3/9/24,WPG,VAN,VAN,WPG,,41,17,7,40,18,4,TRUE,FALSE,FALSE,FALSE,HW
3/9/24,DET,VGK,VGK,DET,,33,23,7,33,24,6,TRUE,FALSE,FALSE,FALSE,HW
3/9/24,DAL,LAK,DAL,LAK,,32,20,10,39,17,9,FALSE,TRUE,FALSE,FALSE,AW
3/10/24,EDM,PIT,EDM,PIT,,28,26,8,38,22,2,FALSE,TRUE,FALSE,FALSE,AW
3/10/24,NSH,MIN,MIN,,NSH,30,27,7,37,25,3,FALSE,FALSE,TRUE,FALSE,HS
3/10/24,CGY,CAR,CAR,CGY,,38,19,6,32,27,4,TRUE,FALSE,FALSE,FALSE,HW
3/10/24,ARI,CHI,CHI,ARI,,16,43,5,26,33,5,TRUE,FALSE,FALSE,FALSE,HW
3/10/24,NYI,ANA,NYI,ANA,,23,37,3,28,20,14,FALSE,TRUE,FALSE,FALSE,AW
3/11/24,STL,BOS,STL,BOS,,38,15,13,32,29,3,FALSE,TRUE,FALSE,FALSE,AW
3/11/24,NJD,NYR,NYR,NJD,,41,18,4,31,29,4,TRUE,FALSE,FALSE,FALSE,HW
3/11/24,WSH,WPG,WPG,WSH,,40,19,4,30,23,9,TRUE,FALSE,FALSE,FALSE,HW
3/11/24,NYI,LAK,LAK,NYI,,32,21,10,29,20,14,TRUE,FALSE,FALSE,FALSE,HW
3/12/24,DET,BUF,BUF,DET,,30,30,5,33,25,6,TRUE,FALSE,FALSE,FALSE,HW
3/12/24,NYR,CAR,NYR,CAR,,39,19,6,42,18,4,FALSE,TRUE,FALSE,FALSE,AW
3/12/24,CBJ,MTL,MTL,CBJ,,24,33,7,22,36,6,TRUE,FALSE,FALSE,FALSE,HW
3/12/24,PIT,OTT,OTT,,PIT,25,34,3,28,27,8,FALSE,FALSE,TRUE,FALSE,HS
3/12/24,SJS,PHI,PHI,SJS,,32,24,9,16,41,6,TRUE,FALSE,FALSE,FALSE,HW
3/12/24,FLA,DAL,FLA,DAL,,40,17,9,44,17,4,FALSE,TRUE,FALSE,FALSE,AW
3/12/24,ARI,MIN,MIN,ARI,,31,27,7,26,34,5,TRUE,FALSE,FALSE,FALSE,HW
3/12/24,ANA,CHI,CHI,ANA,,17,43,5,23,38,3,TRUE,FALSE,FALSE,FALSE,HW
3/12/24,COL,CGY,COL,CGY,,32,28,4,40,20,5,FALSE,TRUE,FALSE,FALSE,AW
3/12/24,VGK,SEA,VGK,,SEA,28,24,11,34,23,7,FALSE,FALSE,FALSE,TRUE,AS
3/13/24,LAK,STL,STL,LAK,,33,29,3,33,21,10,TRUE,FALSE,FALSE,FALSE,HW
3/13/24,NSH,WPG,NSH,WPG,,41,19,4,37,25,4,FALSE,TRUE,FALSE,FALSE,AW
3/13/24,WSH,EDM,EDM,WSH,,39,22,2,30,24,9,TRUE,FALSE,FALSE,FALSE,HW
3/13/24,COL,VAN,COL,,VAN,42,17,7,41,20,5,FALSE,FALSE,FALSE,TRUE,AS
3/14/24,NYI,BUF,BUF,NYI,,31,30,5,29,21,14,TRUE,FALSE,FALSE,FALSE,HW
3/14/24,FLA,CAR,CAR,FLA,,39,20,6,45,17,4,TRUE,FALSE,FALSE,FALSE,HW
3/14/24,OTT,CBJ,OTT,,CBJ,22,37,6,26,34,3,FALSE,FALSE,FALSE,TRUE,AS
3/14/24,ARI,DET,ARI,DET,,33,26,6,26,35,5,FALSE,TRUE,FALSE,FALSE,AW
3/14/24,BOS,MTL,BOS,,MTL,25,33,7,38,16,13,FALSE,FALSE,FALSE,TRUE,AS
3/14/24,TOR,PHI,TOR,PHI,,33,24,9,37,19,8,FALSE,TRUE,FALSE,FALSE,AW
3/14/24,SJS,PIT,PIT,SJS,,28,27,9,16,42,6,TRUE,FALSE,FALSE,FALSE,HW
3/14/24,NYR,TBL,TBL,NYR,,34,25,6,43,18,4,TRUE,FALSE,FALSE,FALSE,HW
3/14/24,NJD,DAL,NJD,DAL,,40,18,9,31,30,4,FALSE,TRUE,FALSE,FALSE,AW
3/14/24,ANA,MIN,MIN,ANA,,32,27,7,23,39,3,TRUE,FALSE,FALSE,FALSE,HW
3/14/24,VGK,CGY,CGY,VGK,,32,29,4,35,23,7,TRUE,FALSE,FALSE,FALSE,HW
3/14/24,WSH,SEA,WSH,SEA,,28,24,12,30,25,9,FALSE,TRUE,FALSE,FALSE,AW
3/15/24,ANA,WPG,WPG,ANA,,41,20,4,23,40,3,TRUE,FALSE,FALSE,FALSE,HW
3/15/24,LAK,CHI,LAK,CHI,,18,43,5,33,22,10,FALSE,TRUE,FALSE,FALSE,AW
3/16/24,BUF,DET,DET,BUF,,33,27,6,32,30,5,TRUE,FALSE,FALSE,FALSE,HW
3/16/24,OTT,NYI,OTT,,NYI,29,22,14,27,34,3,FALSE,FALSE,FALSE,TRUE,AS
3/16/24,NYR,PIT,NYR,PIT,,29,27,9,43,19,4,FALSE,TRUE,FALSE,FALSE,AW
3/16/24,NJD,ARI,ARI,NJD,,27,35,5,32,30,4,TRUE,FALSE,FALSE,FALSE,HW
3/16/24,TBL,FLA,TBL,FLA,,45,18,4,35,25,6,FALSE,TRUE,FALSE,FALSE,AW
3/16/24,PHI,BOS,BOS,PHI,,39,16,13,33,25,9,TRUE,FALSE,FALSE,FALSE,HW
3/16/24,SJS,CBJ,CBJ,SJS,,22,37,7,16,43,6,TRUE,FALSE,FALSE,FALSE,HW
3/16/24,MTL,CGY,CGY,MTL,,33,29,4,25,33,8,TRUE,FALSE,FALSE,FALSE,HW
3/16/24,CAR,TOR,CAR,,TOR,38,19,8,40,20,6,FALSE,FALSE,FALSE,TRUE,AS
3/16/24,LAK,DAL,DAL,LAK,,40,19,9,34,22,10,TRUE,FALSE,FALSE,FALSE,HW
3/16/24,MIN,STL,STL,,MIN,34,29,3,33,27,7,FALSE,FALSE,TRUE,FALSE,HS
3/16/24,COL,EDM,COL,,EDM,40,22,2,42,20,5,FALSE,FALSE,FALSE,TRUE,AS
3/16/24,NSH,SEA,NSH,SEA,,28,25,12,38,25,4,FALSE,TRUE,FALSE,FALSE,AW
3/16/24,WSH,VAN,WSH,VAN,,42,17,8,31,25,9,FALSE,TRUE,FALSE,FALSE,AW
3/17/24,NYI,NYR,NYR,NYI,,44,19,4,29,22,15,TRUE,FALSE,FALSE,FALSE,HW
3/17/24,NJD,VGK,VGK,NJD,,35,24,7,32,31,4,TRUE,FALSE,FALSE,FALSE,HW
3/17/24,WPG,CBJ,WPG,CBJ,,23,37,7,42,20,4,FALSE,TRUE,FALSE,FALSE,AW
3/17/24,SJS,CHI,CHI,SJS,,18,44,5,16,44,6,TRUE,FALSE,FALSE,FALSE,HW
3/17/24,CAR,OTT,CAR,OTT,,28,34,3,41,20,6,FALSE,TRUE,FALSE,FALSE,AW
3/17/24,DET,PIT,PIT,DET,,29,28,9,34,27,6,TRUE,FALSE,FALSE,FALSE,HW
3/17/24,ANA,STL,STL,ANA,,35,29,3,23,41,3,TRUE,FALSE,FALSE,FALSE,HW
3/18/24,WSH,CGY,WSH,CGY,,34,29,4,32,25,9,FALSE,TRUE,FALSE,FALSE,AW
3/18/24,BUF,SEA,BUF,SEA,,28,26,12,32,31,5,FALSE,TRUE,FALSE,FALSE,AW
3/19/24,OTT,BOS,BOS,OTT,,40,16,13,28,35,3,TRUE,FALSE,FALSE,FALSE,HW
3/19/24,CBJ,DET,DET,,CBJ,34,28,6,23,38,7,FALSE,FALSE,TRUE,FALSE,HS
3/19/24,PIT,NJD,NJD,PIT,,32,32,4,30,28,9,TRUE,FALSE,FALSE,FALSE,HW
3/19/24,WPG,NYR,WPG,NYR,,45,19,4,43,20,4,FALSE,TRUE,FALSE,FALSE,AW
3/19/24,TOR,PHI,PHI,TOR,,33,26,9,38,19,9,TRUE,FALSE,FALSE,FALSE,HW
3/19/24,CAR,NYI,CAR,NYI,,29,23,15,42,20,6,FALSE,TRUE,FALSE,FALSE,AW
3/19/24,SJS,NSH,NSH,SJS,,39,25,4,16,45,6,TRUE,FALSE,FALSE,FALSE,HW
3/19/24,COL,STL,COL,STL,,36,29,3,43,20,5,FALSE,TRUE,FALSE,FALSE,AW
3/19/24,MTL,EDM,EDM,,MTL,40,22,3,25,34,8,FALSE,FALSE,TRUE,FALSE,HS
3/19/24,MIN,ANA,MIN,ANA,,23,42,3,33,27,8,FALSE,TRUE,FALSE,FALSE,AW
3/19/24,CHI,LAK,LAK,CHI,,34,23,10,19,44,5,TRUE,FALSE,FALSE,FALSE,HW
3/19/24,BUF,VAN,VAN,BUF,,42,18,8,33,31,5,TRUE,FALSE,FALSE,FALSE,HW
3/19/24,TBL,VGK,TBL,VGK,,36,24,7,36,25,6,FALSE,TRUE,FALSE,FALSE,AW
3/20/24,TOR,WSH,TOR,WSH,,33,25,9,38,20,9,FALSE,TRUE,FALSE,FALSE,AW
3/20/24,ARI,DAL,DAL,ARI,,41,19,9,28,35,5,TRUE,FALSE,FALSE,FALSE,HW
3/20/24,MIN,LAK,LAK,MIN,,35,23,10,34,27,8,TRUE,FALSE,FALSE,FALSE,HW
3/21/24,NYR,BOS,NYR,BOS,,41,16,13,45,20,4,FALSE,TRUE,FALSE,FALSE,AW
3/21/24,PHI,CAR,CAR,,PHI,43,20,6,34,26,9,FALSE,FALSE,TRUE,FALSE,HS
3/21/24,NYI,DET,DET,NYI,,35,28,6,29,24,15,TRUE,FALSE,FALSE,FALSE,HW
3/21/24,NSH,FLA,NSH,FLA,,45,19,4,40,25,4,FALSE,TRUE,FALSE,FALSE,AW
3/21/24,WPG,NJD,NJD,WPG,,33,32,4,44,20,4,TRUE,FALSE,FALSE,FALSE,HW
3/21/24,STL,OTT,STL,OTT,,28,36,3,36,30,3,FALSE,TRUE,FALSE,FALSE,AW
3/21/24,BUF,EDM,EDM,BUF,,41,22,3,33,32,5,TRUE,FALSE,FALSE,FALSE,HW
3/21/24,CHI,ANA,ANA,CHI,,23,43,3,19,45,5,TRUE,FALSE,FALSE,FALSE,HW
3/21/24,MTL,VAN,VAN,MTL,,43,18,8,25,34,9,TRUE,FALSE,FALSE,FALSE,HW
3/21/24,SEA,VGK,VGK,SEA,,36,25,7,28,27,12,TRUE,FALSE,FALSE,FALSE,HW
3/21/24,TBL,SJS,TBL,SJS,,16,46,6,37,25,6,FALSE,TRUE,FALSE,FALSE,AW
3/22/24,CAR,WSH,WSH,,CAR,33,26,9,44,20,6,FALSE,FALSE,TRUE,FALSE,HS
3/22/24,PIT,DAL,DAL,PIT,,42,19,9,30,29,9,TRUE,FALSE,FALSE,FALSE,HW
3/22/24,CBJ,COL,COL,CBJ,,44,20,5,23,38,8,TRUE,FALSE,FALSE,FALSE,HW
3/22/24,SEA,ARI,ARI,,SEA,28,36,5,28,28,12,FALSE,FALSE,TRUE,FALSE,HS
3/23/24,WPG,NYI,NYI,WPG,,29,25,15,44,21,4,TRUE,FALSE,FALSE,FALSE,HW
3/23/24,BOS,PHI,PHI,BOS,,34,26,10,41,17,13,TRUE,FALSE,FALSE,FALSE,HW
3/23/24,STL,MIN,STL,,MIN,34,28,8,37,30,3,FALSE,FALSE,FALSE,TRUE,AS
3/23/24,DET,NSH,NSH,DET,,41,25,4,36,28,6,TRUE,FALSE,FALSE,FALSE,HW
3/23/24,OTT,NJD,OTT,NJD,,34,32,4,28,37,3,FALSE,TRUE,FALSE,FALSE,AW
3/23/24,EDM,TOR,TOR,EDM,,39,20,9,42,22,3,TRUE,FALSE,FALSE,FALSE,HW
3/23/24,FLA,NYR,NYR,,FLA,46,20,4,45,20,4,FALSE,FALSE,TRUE,FALSE,HS
3/23/24,CGY,VAN,VAN,CGY,,44,18,8,34,30,4,TRUE,FALSE,FALSE,FALSE,HW
3/23/24,TBL,LAK,LAK,TBL,,36,23,10,38,25,6,TRUE,FALSE,FALSE,FALSE,HW
3/23/24,CHI,SJS,CHI,,SJS,16,47,6,19,46,5,FALSE,FALSE,FALSE,TRUE,AS
3/23/24,CBJ,VGK,VGK,CBJ,,37,25,7,23,39,8,TRUE,FALSE,FALSE,FALSE,HW
3/24/24,WPG,WSH,WSH,WPG,,34,26,9,44,22,4,TRUE,FALSE,FALSE,FALSE,HW
3/24/24,PIT,COL,COL,,PIT,45,20,5,30,30,9,FALSE,FALSE,TRUE,FALSE,HS
3/24/24,NJD,NYI,NJD,NYI,,30,25,15,34,33,4,FALSE,TRUE,FALSE,FALSE,AW
3/24/24,TOR,CAR,CAR,TOR,,44,20,7,40,20,9,TRUE,FALSE,FALSE,FALSE,HW
3/24/24,EDM,OTT,OTT,EDM,,29,37,3,42,23,3,TRUE,FALSE,FALSE,FALSE,HW
3/24/24,FLA,PHI,FLA,PHI,,35,26,10,45,20,5,FALSE,TRUE,FALSE,FALSE,AW
3/24/24,DAL,ARI,DAL,ARI,,29,36,5,43,19,9,FALSE,TRUE,FALSE,FALSE,AW
3/24/24,TBL,ANA,TBL,,ANA,24,43,3,38,26,6,FALSE,FALSE,FALSE,TRUE,AS
3/24/24,BUF,CGY,BUF,CGY,,34,31,4,33,33,5,FALSE,TRUE,FALSE,FALSE,AW
3/24/24,MTL,SEA,MTL,SEA,,28,28,13,25,35,9,FALSE,TRUE,FALSE,FALSE,AW
3/25/24,VGK,STL,VGK,,STL,38,30,3,38,25,7,FALSE,FALSE,FALSE,TRUE,AS
3/25/24,LAK,VAN,LAK,VAN,,45,18,8,37,23,10,FALSE,TRUE,FALSE,FALSE,AW
3/26/24,BOS,FLA,BOS,FLA,,46,20,5,41,18,13,FALSE,TRUE,FALSE,FALSE,AW
3/26/24,PHI,NYR,NYR,,PHI,47,20,4,35,27,10,FALSE,FALSE,TRUE,FALSE,HS
3/26/24,CAR,PIT,PIT,CAR,,30,30,10,45,20,7,TRUE,FALSE,FALSE,FALSE,HW
3/26/24,NJD,TOR,NJD,TOR,,40,21,9,35,33,4,FALSE,TRUE,FALSE,FALSE,AW
3/26/24,DET,WSH,WSH,,DET,35,26,9,36,29,6,FALSE,FALSE,TRUE,FALSE,HS
3/26/24,VGK,NSH,NSH,,VGK,42,25,4,39,25,7,FALSE,FALSE,TRUE,FALSE,HS
3/26/24,EDM,WPG,EDM,,WPG,44,23,4,42,24,3,FALSE,FALSE,FALSE,TRUE,AS
3/26/24,CGY,CHI,CHI,CGY,,20,46,5,34,32,4,TRUE,FALSE,FALSE,FALSE,HW
3/26/24,MTL,COL,MTL,COL,,46,20,5,26,35,9,FALSE,TRUE,FALSE,FALSE,AW
3/26/24,CBJ,ARI,ARI,CBJ,,29,37,5,23,40,8,TRUE,FALSE,FALSE,FALSE,HW
3/26/24,ANA,SEA,SEA,ANA,,28,29,13,24,43,4,TRUE,FALSE,FALSE,FALSE,HW
3/26/24,DAL,SJS,DAL,SJS,,16,47,7,44,19,9,FALSE,TRUE,FALSE,FALSE,AW
3/27/24,OTT,BUF,OTT,BUF,,34,33,5,30,37,3,FALSE,TRUE,FALSE,FALSE,AW
3/27/24,BOS,TBL,TBL,BOS,,39,26,6,42,18,13,TRUE,FALSE,FALSE,FALSE,HW
3/28/24,DET,CAR,CAR,DET,,45,21,7,36,29,7,TRUE,FALSE,FALSE,FALSE,HW
3/28/24,NYI,FLA,NYI,FLA,,46,21,5,30,26,15,FALSE,TRUE,FALSE,FALSE,AW
3/28/24,PHI,MTL,MTL,PHI,,27,35,9,35,27,11,TRUE,FALSE,FALSE,FALSE,HW
3/28/24,CHI,OTT,OTT,CHI,,31,37,3,21,46,5,TRUE,FALSE,FALSE,FALSE,HW
3/28/24,CBJ,PIT,PIT,CBJ,,31,30,10,23,41,8,TRUE,FALSE,FALSE,FALSE,HW
3/28/24,WSH,TOR,TOR,WSH,,40,22,9,36,26,9,TRUE,FALSE,FALSE,FALSE,HW
3/28/24,SJS,MIN,MIN,SJS,,34,28,9,16,48,7,TRUE,FALSE,FALSE,FALSE,HW
3/28/24,CGY,STL,STL,CGY,,38,30,4,34,33,4,TRUE,FALSE,FALSE,FALSE,HW
3/28/24,VGK,WPG,VGK,WPG,,44,23,5,39,25,8,FALSE,TRUE,FALSE,FALSE,AW
3/28/24,NYR,COL,NYR,,COL,46,21,5,48,20,4,FALSE,FALSE,FALSE,TRUE,AS
3/28/24,LAK,EDM,EDM,LAK,,43,24,3,38,23,10,TRUE,FALSE,FALSE,FALSE,HW
3/28/24,NSH,ARI,ARI,NSH,,30,37,5,43,25,4,TRUE,FALSE,FALSE,FALSE,HW
3/28/24,ANA,SEA,SEA,ANA,,29,29,13,24,44,4,TRUE,FALSE,FALSE,FALSE,HW
3/28/24,DAL,VAN,DAL,VAN,,45,19,8,45,19,9,FALSE,TRUE,FALSE,FALSE,AW
3/29/24,NJD,BUF,BUF,NJD,,34,34,5,36,33,4,TRUE,FALSE,FALSE,FALSE,HW
3/30/24,DET,FLA,FLA,,DET,46,22,5,36,30,7,FALSE,FALSE,TRUE,FALSE,HS
3/30/24,VGK,MIN,VGK,,MIN,35,28,9,40,25,8,FALSE,FALSE,FALSE,TRUE,AS
3/30/24,ANA,EDM,EDM,ANA,,44,24,3,24,45,4,TRUE,FALSE,FALSE,FALSE,HW
3/30/24,NYR,ARI,NYR,ARI,,31,37,5,49,20,4,FALSE,TRUE,FALSE,FALSE,AW
3/30/24,NSH,COL,COL,NSH,,46,21,6,43,26,4,TRUE,FALSE,FALSE,FALSE,HW
3/30/24,TOR,BUF,TOR,BUF,,35,34,5,41,22,9,FALSE,TRUE,FALSE,FALSE,AW
3/30/24,PIT,CBJ,CBJ,,PIT,23,42,8,32,30,10,FALSE,FALSE,TRUE,FALSE,HS
3/30/24,CAR,MTL,CAR,MTL,,28,35,9,46,21,7,FALSE,TRUE,FALSE,FALSE,AW
3/30/24,CHI,PHI,CHI,PHI,,35,28,11,21,47,5,FALSE,TRUE,FALSE,FALSE,AW
3/30/24,NYI,TBL,TBL,NYI,,40,26,6,31,26,15,TRUE,FALSE,FALSE,FALSE,HW
3/30/24,OTT,WPG,OTT,WPG,,44,24,5,32,37,3,FALSE,TRUE,FALSE,FALSE,AW
3/30/24,BOS,WSH,BOS,,WSH,36,27,9,42,19,13,FALSE,FALSE,FALSE,TRUE,AS
3/30/24,SJS,STL,SJS,STL,,39,30,4,16,49,7,FALSE,TRUE,FALSE,FALSE,AW
3/30/24,LAK,CGY,CGY,LAK,,34,34,4,38,24,10,TRUE,FALSE,FALSE,FALSE,HW
3/30/24,DAL,SEA,DAL,SEA,,30,29,13,46,19,9,FALSE,TRUE,FALSE,FALSE,AW
3/31/24,ANA,VAN,VAN,ANA,,45,20,8,24,46,4,TRUE,FALSE,FALSE,FALSE,HW
4/1/24,COL,CBJ,CBJ,COL,,24,42,8,47,21,6,TRUE,FALSE,FALSE,FALSE,HW
4/1/24,PIT,NYR,PIT,NYR,,50,20,4,32,30,11,FALSE,TRUE,FALSE,FALSE,AW
4/1/24,NYI,PHI,NYI,,PHI,35,29,11,31,27,15,FALSE,FALSE,FALSE,TRUE,AS
4/1/24,DET,TBL,DET,TBL,,41,26,6,36,30,8,FALSE,TRUE,FALSE,FALSE,AW
4/1/24,FLA,TOR,TOR,FLA,,42,22,9,47,22,5,TRUE,FALSE,FALSE,FALSE,HW
4/1/24,EDM,STL,STL,,EDM,39,31,4,45,24,3,FALSE,FALSE,TRUE,FALSE,HS
4/1/24,LAK,WPG,WPG,LAK,,44,25,5,38,25,10,TRUE,FALSE,FALSE,FALSE,HW
4/1/24,SEA,SJS,SEA,SJS,,17,49,7,30,30,13,FALSE,TRUE,FALSE,FALSE,AW
4/2/24,WSH,BUF,BUF,WSH,,35,35,5,36,27,10,TRUE,FALSE,FALSE,FALSE,HW
4/2/24,FLA,MTL,MTL,FLA,,28,36,9,47,23,5,TRUE,FALSE,FALSE,FALSE,HW
4/2/24,PIT,NJD,PIT,NJD,,36,34,4,33,30,11,FALSE,TRUE,FALSE,FALSE,AW
4/2/24,CHI,NYI,NYI,CHI,,32,27,15,22,47,5,TRUE,FALSE,FALSE,FALSE,HW
4/2/24,OTT,MIN,MIN,OTT,,35,28,10,33,37,3,TRUE,FALSE,FALSE,FALSE,HW
4/2/24,BOS,NSH,BOS,NSH,,43,27,4,43,19,13,FALSE,TRUE,FALSE,FALSE,AW
4/2/24,ANA,CGY,ANA,CGY,,35,34,4,24,47,4,FALSE,TRUE,FALSE,FALSE,AW
4/2/24,VAN,VGK,VGK,VAN,,41,25,8,46,20,8,TRUE,FALSE,FALSE,FALSE,HW
4/3/24,TBL,TOR,TBL,TOR,,43,22,9,41,27,6,FALSE,TRUE,FALSE,FALSE,AW
4/3/24,NJD,NYR,NYR,NJD,,50,21,4,36,35,4,TRUE,FALSE,FALSE,FALSE,HW
4/3/24,EDM,DAL,DAL,EDM,,47,19,9,45,24,4,TRUE,FALSE,FALSE,FALSE,HW
4/3/24,VAN,ARI,VAN,ARI,,31,38,5,46,21,8,FALSE,TRUE,FALSE,FALSE,AW
4/3/24,SEA,LAK,LAK,SEA,,38,26,10,31,30,13,TRUE,FALSE,FALSE,FALSE,HW
4/4/24,BOS,CAR,BOS,CAR,,47,21,7,44,19,13,FALSE,TRUE,FALSE,FALSE,AW
4/4/24,NYI,CBJ,NYI,CBJ,,25,42,8,33,27,15,FALSE,TRUE,FALSE,FALSE,AW
4/4/24,TBL,MTL,TBL,MTL,,29,36,9,42,27,6,FALSE,TRUE,FALSE,FALSE,AW
4/4/24,FLA,OTT,FLA,OTT,,33,38,3,47,24,5,FALSE,TRUE,FALSE,FALSE,AW
4/4/24,PIT,WSH,PIT,WSH,,36,28,10,34,30,11,FALSE,TRUE,FALSE,FALSE,AW
4/4/24,COL,MIN,COL,MIN,,36,28,10,47,22,6,FALSE,TRUE,FALSE,FALSE,AW
4/4/24,STL,NSH,NSH,STL,,43,28,4,40,31,4,TRUE,FALSE,FALSE,FALSE,HW
4/4/24,CGY,WPG,WPG,CGY,,45,25,5,35,35,4,TRUE,FALSE,FALSE,FALSE,HW
4/4/24,LAK,SJS,LAK,SJS,,17,50,7,39,26,10,FALSE,TRUE,FALSE,FALSE,AW
4/5/24,PHI,BUF,BUF,PHI,,36,35,5,35,29,12,TRUE,FALSE,FALSE,FALSE,HW
4/5/24,WSH,CAR,CAR,WSH,,47,22,7,36,29,10,TRUE,FALSE,FALSE,FALSE,HW
4/5/24,NYR,DET,NYR,DET,,37,30,8,51,21,4,FALSE,TRUE,FALSE,FALSE,AW
4/5/24,COL,EDM,EDM,COL,,45,25,4,48,22,6,TRUE,FALSE,FALSE,FALSE,HW
4/5/24,SEA,ANA,SEA,ANA,,25,47,4,31,31,13,FALSE,TRUE,FALSE,FALSE,AW
4/5/24,VGK,ARI,ARI,VGK,,31,39,5,42,25,8,TRUE,FALSE,FALSE,FALSE,HW
4/6/24,TBL,PIT,PIT,TBL,,35,30,11,43,27,6,TRUE,FALSE,FALSE,FALSE,HW
4/6/24,FLA,BOS,BOS,,FLA,45,19,13,48,24,5,FALSE,FALSE,TRUE,FALSE,HS
4/6/24,WPG,MIN,WPG,MIN,,36,29,10,46,25,5,FALSE,TRUE,FALSE,FALSE,AW
4/6/24,DAL,CHI,CHI,DAL,,22,48,5,48,19,9,TRUE,FALSE,FALSE,FALSE,HW
4/6/24,STL,SJS,SJS,,STL,17,51,7,40,32,4,FALSE,FALSE,TRUE,FALSE,HS
4/6/24,PHI,CBJ,CBJ,PHI,,25,43,8,35,30,12,TRUE,FALSE,FALSE,FALSE,HW
4/6/24,TOR,MTL,TOR,MTL,,29,37,9,43,23,9,FALSE,TRUE,FALSE,FALSE,AW
4/6/24,NJD,OTT,NJD,OTT,,33,39,3,36,36,4,FALSE,TRUE,FALSE,FALSE,AW
4/6/24,NSH,NYI,NYI,NSH,,34,27,15,44,28,4,TRUE,FALSE,FALSE,FALSE,HW
4/6/24,EDM,CGY,EDM,CGY,,35,36,4,46,25,4,FALSE,TRUE,FALSE,FALSE,AW
4/6/24,VAN,LAK,LAK,VAN,,40,26,10,47,21,8,TRUE,FALSE,FALSE,FALSE,HW
4/7/24,BUF,DET,DET,BUF,,37,31,8,37,35,5,TRUE,FALSE,FALSE,FALSE,HW
4/7/24,MIN,CHI,MIN,CHI,,23,48,5,36,30,10,FALSE,TRUE,FALSE,FALSE,AW
4/7/24,CBJ,CAR,CAR,CBJ,,48,22,7,26,43,8,TRUE,FALSE,FALSE,FALSE,HW
4/7/24,ARI,SJS,ARI,SJS,,18,51,7,32,39,5,FALSE,TRUE,FALSE,FALSE,AW
4/7/24,OTT,WSH,OTT,,WSH,36,30,10,33,40,3,FALSE,FALSE,FALSE,TRUE,AS
4/7/24,NSH,NJD,NSH,,NJD,37,36,4,44,29,4,FALSE,FALSE,FALSE,TRUE,AS
4/7/24,MTL,NYR,NYR,MTL,,52,21,4,29,38,9,TRUE,FALSE,FALSE,FALSE,HW
4/7/24,STL,ANA,STL,,ANA,25,48,4,40,32,5,FALSE,FALSE,FALSE,TRUE,AS
4/7/24,DAL,COL,DAL,COL,,48,23,6,48,20,9,FALSE,TRUE,FALSE,FALSE,AW
4/8/24,PIT,TOR,TOR,,PIT,44,23,9,36,30,11,FALSE,FALSE,TRUE,FALSE,HS
4/8/24,VGK,VAN,VAN,VGK,,47,22,8,42,26,8,TRUE,FALSE,FALSE,FALSE,HW
4/9/24,CAR,BOS,CAR,BOS,,46,19,13,49,22,7,FALSE,TRUE,FALSE,FALSE,AW
4/9/24,WSH,DET,WSH,DET,,38,31,8,36,30,11,FALSE,TRUE,FALSE,FALSE,AW
4/9/24,OTT,FLA,FLA,OTT,,48,24,6,34,40,3,TRUE,FALSE,FALSE,FALSE,HW
4/9/24,PHI,MTL,MTL,PHI,,29,39,9,35,31,12,TRUE,FALSE,FALSE,FALSE,HW
4/9/24,TOR,NJD,TOR,NJD,,37,36,5,45,23,9,FALSE,TRUE,FALSE,FALSE,AW
4/9/24,NYR,NYI,NYI,NYR,,35,27,15,53,21,4,TRUE,FALSE,FALSE,FALSE,HW
4/9/24,CBJ,TBL,TBL,CBJ,,43,28,6,26,44,8,TRUE,FALSE,FALSE,FALSE,HW
4/9/24,BUF,DAL,DAL,BUF,,49,20,9,37,36,5,TRUE,FALSE,FALSE,FALSE,HW
4/9/24,WPG,NSH,WPG,,NSH,45,29,4,47,25,5,FALSE,FALSE,FALSE,TRUE,AS
4/9/24,MIN,COL,COL,MIN,,48,24,6,37,30,10,TRUE,FALSE,FALSE,FALSE,HW
4/9/24,LAK,ANA,ANA,LAK,,25,48,5,41,26,10,TRUE,FALSE,FALSE,FALSE,HW
4/9/24,ARI,SEA,SEA,ARI,,32,31,13,33,39,5,TRUE,FALSE,FALSE,FALSE,HW
4/9/24,CGY,SJS,CGY,,SJS,18,52,7,35,37,4,FALSE,FALSE,FALSE,TRUE,AS
4/10/24,CHI,STL,STL,CHI,,41,32,5,23,49,5,TRUE,FALSE,FALSE,FALSE,HW
4/10/24,VGK,EDM,EDM,VGK,,47,25,4,42,27,8,TRUE,FALSE,FALSE,FALSE,HW
4/10/24,ARI,VAN,ARI,,VAN,48,22,8,33,40,5,FALSE,FALSE,FALSE,TRUE,AS
4/11/24,WSH,BUF,BUF,WSH,,37,37,5,37,30,11,TRUE,FALSE,FALSE,FALSE,HW
4/11/24,CBJ,FLA,FLA,CBJ,,49,24,6,26,45,8,TRUE,FALSE,FALSE,FALSE,HW
4/11/24,PHI,NYR,PHI,NYR,,53,22,4,35,32,12,FALSE,TRUE,FALSE,FALSE,AW
4/11/24,DET,PIT,PIT,,DET,36,30,12,38,32,8,FALSE,FALSE,TRUE,FALSE,HS
4/11/24,OTT,TBL,OTT,,TBL,44,28,6,34,41,3,FALSE,FALSE,FALSE,TRUE,AS
4/11/24,NJD,TOR,NJD,TOR,,46,23,9,37,37,5,FALSE,TRUE,FALSE,FALSE,AW
4/11/24,MTL,NYI,NYI,,MTL,36,27,15,30,39,9,FALSE,FALSE,TRUE,FALSE,HS
4/11/24,WPG,DAL,WPG,DAL,,50,20,9,48,25,5,FALSE,TRUE,FALSE,FALSE,AW
4/11/24,SJS,SEA,SJS,SEA,,33,31,13,18,52,8,FALSE,TRUE,FALSE,FALSE,AW
4/11/24,CGY,LAK,LAK,CGY,,41,27,10,36,37,4,TRUE,FALSE,FALSE,FALSE,HW
4/12/24,CAR,STL,CAR,STL,,42,32,5,50,22,7,FALSE,TRUE,FALSE,FALSE,AW
4/12/24,NSH,CHI,NSH,CHI,,23,50,5,45,29,5,FALSE,TRUE,FALSE,FALSE,AW
4/12/24,ARI,EDM,ARI,,EDM,48,25,4,34,40,5,FALSE,FALSE,FALSE,TRUE,AS
4/12/24,CGY,ANA,CGY,ANA,,26,48,5,36,38,4,FALSE,TRUE,FALSE,FALSE,AW
4/12/24,MIN,VGK,VGK,MIN,,42,28,8,37,31,10,TRUE,FALSE,FALSE,FALSE,HW
4/13/24,NYI,NYR,NYR,,NYI,53,23,4,37,27,15,FALSE,FALSE,TRUE,FALSE,HS
4/13/24,SEA,DAL,DAL,SEA,,50,21,9,33,32,13,TRUE,FALSE,FALSE,FALSE,HW
4/13/24,WPG,COL,WPG,COL,,49,24,6,49,25,5,FALSE,TRUE,FALSE,FALSE,AW
4/13/24,BUF,FLA,FLA,,BUF,50,24,6,38,37,5,FALSE,FALSE,TRUE,FALSE,HS
4/13/24,NJD,PHI,PHI,NJD,,36,32,12,38,37,5,TRUE,FALSE,FALSE,FALSE,HW
4/13/24,TBL,WSH,WSH,TBL,,37,31,11,44,28,7,TRUE,FALSE,FALSE,FALSE,HW
4/13/24,MTL,OTT,OTT,,MTL,35,41,3,30,39,10,FALSE,FALSE,TRUE,FALSE,HS
4/13/24,DET,TOR,DET,,TOR,46,24,9,38,32,9,FALSE,FALSE,FALSE,TRUE,AS
4/13/24,CBJ,NSH,NSH,CBJ,,46,29,5,26,46,8,TRUE,FALSE,FALSE,FALSE,HW
4/13/24,BOS,PIT,BOS,PIT,,37,30,12,46,20,13,FALSE,TRUE,FALSE,FALSE,AW
4/13/24,VAN,EDM,VAN,EDM,,48,25,5,48,22,9,FALSE,TRUE,FALSE,FALSE,AW
4/13/24,ANA,LAK,LAK,ANA,,42,27,10,26,49,5,TRUE,FALSE,FALSE,FALSE,HW
4/13/24,MIN,SJS,MIN,SJS,,19,52,8,37,32,10,FALSE,TRUE,FALSE,FALSE,AW
4/14/24,SEA,STL,STL,SEA,,42,33,5,33,33,13,TRUE,FALSE,FALSE,FALSE,HW
4/14/24,COL,VGK,VGK,,COL,43,28,8,49,25,6,FALSE,FALSE,TRUE,FALSE,HS
4/14/24,CAR,CHI,CAR,CHI,,23,51,5,51,22,7,FALSE,TRUE,FALSE,FALSE,AW
4/14/24,ARI,CGY,CGY,ARI,,37,38,4,35,40,5,TRUE,FALSE,FALSE,FALSE,HW
4/15/24,MTL,DET,DET,,MTL,39,32,9,30,39,11,FALSE,FALSE,TRUE,FALSE,HS
4/15/24,NYI,NJD,NYI,NJD,,38,38,5,37,27,16,FALSE,TRUE,FALSE,FALSE,AW
4/15/24,NSH,PIT,PIT,NSH,,37,31,12,47,29,5,TRUE,FALSE,FALSE,FALSE,HW
4/15/24,BUF,TBL,BUF,TBL,,44,29,7,38,37,6,FALSE,TRUE,FALSE,FALSE,AW
4/15/24,BOS,WSH,WSH,BOS,,38,31,11,47,20,13,TRUE,FALSE,FALSE,FALSE,HW
4/15/24,OTT,NYR,NYR,OTT,,54,23,4,36,41,3,TRUE,FALSE,FALSE,FALSE,HW
4/15/24,SJS,EDM,EDM,SJS,,48,26,5,19,53,8,TRUE,FALSE,FALSE,FALSE,HW
4/15/24,MIN,LAK,MIN,LAK,,43,27,10,38,32,10,FALSE,TRUE,FALSE,FALSE,AW
4/16/24,OTT,BOS,OTT,BOS,,47,21,13,36,42,3,FALSE,TRUE,FALSE,FALSE,AW
4/16/24,CAR,CBJ,CBJ,CAR,,26,47,8,52,22,7,TRUE,FALSE,FALSE,FALSE,HW
4/16/24,TOR,FLA,FLA,TOR,,51,24,6,46,24,10,TRUE,FALSE,FALSE,FALSE,HW
4/16/24,DET,MTL,DET,,MTL,30,39,12,40,32,9,FALSE,FALSE,FALSE,TRUE,AS
4/16/24,WSH,PHI,WSH,PHI,,37,32,12,39,31,11,FALSE,TRUE,FALSE,FALSE,AW
4/16/24,SEA,WPG,WPG,SEA,,50,25,5,33,34,13,TRUE,FALSE,FALSE,FALSE,HW
4/16/24,CHI,VGK,VGK,CHI,,44,28,8,23,52,5,TRUE,FALSE,FALSE,FALSE,HW
4/16/24,CGY,VAN,VAN,CGY,,49,22,9,38,38,4,TRUE,FALSE,FALSE,FALSE,HW
4/17/24,PIT,NYI,NYI,PIT,,38,27,16,38,31,12,TRUE,FALSE,FALSE,FALSE,HW
4/17/24,TOR,TBL,TBL,TOR,,44,30,7,46,25,10,TRUE,FALSE,FALSE,FALSE,HW
4/17/24,STL,DAL,DAL,,STL,51,21,9,43,33,5,FALSE,FALSE,TRUE,FALSE,HS
4/17/24,EDM,ARI,ARI,EDM,,35,41,5,49,26,5,TRUE,FALSE,FALSE,FALSE,HW
4/18/24,SEA,MIN,SEA,MIN,,39,32,10,33,35,13,FALSE,TRUE,FALSE,FALSE,AW
4/18/24,VAN,WPG,WPG,VAN,,51,25,5,50,22,9,TRUE,FALSE,FALSE,FALSE,HW
4/18/24,SJS,CGY,CGY,SJS,,38,39,4,19,54,8,TRUE,FALSE,FALSE,FALSE,HW
4/18/24,EDM,COL,COL,EDM,,49,25,7,49,27,5,TRUE,FALSE,FALSE,FALSE,HW
4/18/24,ANA,VGK,ANA,VGK,,45,28,8,26,50,5,FALSE,TRUE,FALSE,FALSE,AW
4/18/24,CHI,LAK,LAK,,CHI,43,28,10,23,53,5,FALSE,FALSE,TRUE,FALSE,HS